{"type":"FeatureCollection","metadata":{"district":"cihangir","district_name":"Cihangir","bbox":[41.0306095,28.9829166,41.0357132,28.9880437],"generated_at":"2026-04-25T21:28:21.657Z","source":"OpenStreetMap via Overpass API","license":"ODbL","count":812,"height_min_m":6,"height_max_m":21,"height_mean_m":9.28,"height_source_breakdown":{"estimate":782,"tag:levels":28,"tag:height":2}},"features":[{"type":"Feature","id":"way/84343865","geometry":{"type":"Polygon","coordinates":[[[28.9834066,41.0346379],[28.9834459,41.0346041],[28.9832961,41.0345049],[28.9833265,41.0344787],[28.9833938,41.0344207],[28.9834236,41.0344403],[28.983626,41.0345735],[28.9837108,41.0346299],[28.9834527,41.0348521],[28.9833405,41.0347751],[28.9834575,41.0346703],[28.9834324,41.0346543],[28.9834066,41.0346379]]]},"properties":{"osm_id":"way/84343865","building":"school","name":null,"height_m":9,"height_source":"estimate","levels":3,"addr":null}},{"type":"Feature","id":"way/165515876","geometry":{"type":"Polygon","coordinates":[[[28.9843755,41.0313239],[28.9846512,41.0311954],[28.9847053,41.0312615],[28.9846857,41.0312706],[28.984772,41.0313759],[28.9847444,41.0313888],[28.9847509,41.0313966],[28.9846734,41.0314328],[28.98467,41.0314287],[28.984519,41.0314991],[28.9844343,41.0313957],[28.9843755,41.0313239]]]},"properties":{"osm_id":"way/165515876","building":"yes","name":null,"height_m":9,"height_source":"estimate","levels":3,"addr":{"housenumber":"11","street":"Bakraç Sokak"}}},{"type":"Feature","id":"way/183497370","geometry":{"type":"Polygon","coordinates":[[[28.9863571,41.03468],[28.9863246,41.0347369],[28.9861536,41.0346813],[28.9861862,41.0346244],[28.9863571,41.03468]]]},"properties":{"osm_id":"way/183497370","building":"yes","name":null,"height_m":9,"height_source":"estimate","levels":3,"addr":null}},{"type":"Feature","id":"way/206855035","geometry":{"type":"Polygon","coordinates":[[[28.9839885,41.0354623],[28.9840973,41.0354486],[28.9841042,41.0354795],[28.9843635,41.0354467],[28.984372,41.0354847],[28.9844303,41.0354773],[28.9844531,41.0355799],[28.9844567,41.0355963],[28.9844,41.0356035],[28.9844075,41.0356375],[28.9841429,41.035671],[28.9841493,41.0356998],[28.9840442,41.0357131],[28.9839885,41.0354623]]]},"properties":{"osm_id":"way/206855035","building":"yes","name":"Aya Triada Rum Ortodoks Kilisesi","height_m":9,"height_source":"estimate","levels":3,"addr":{"city":"İstanbul","district":"Beyoğlu","housenumber":"11/1","street":"Meşelik Sokağı"}}},{"type":"Feature","id":"way/224500798","geometry":{"type":"Polygon","coordinates":[[[28.9867144,41.0364546],[28.9866932,41.0364058],[28.9870201,41.0356759],[28.9869948,41.0356688],[28.9870501,41.0355617],[28.9871337,41.0355831],[28.9870958,41.0356414],[28.987181,41.0356617],[28.9870327,41.0360211],[28.9870501,41.0361984],[28.9870043,41.0362044],[28.9870185,41.0362758],[28.9869491,41.0362829],[28.9869617,41.0363448],[28.986897,41.036352],[28.9869207,41.0364222],[28.9867144,41.0364546]]]},"properties":{"osm_id":"way/224500798","building":"office","name":null,"height_m":9,"height_source":"estimate","levels":3,"addr":{"housenumber":"2"}}},{"type":"Feature","id":"way/224500799","geometry":{"type":"Polygon","coordinates":[[[28.9856362,41.0348902],[28.9856204,41.0348878],[28.9856126,41.0349175],[28.985628,41.0349198],[28.9856218,41.0349433],[28.9856714,41.0349508],[28.9856758,41.034934],[28.9856942,41.0349368],[28.9856894,41.0349549],[28.9857157,41.0349589],[28.9857208,41.0349394],[28.9857339,41.0349414],[28.9857429,41.0349076],[28.985732,41.0349059],[28.9857391,41.0348789],[28.985643,41.0348644],[28.9856362,41.0348902]]]},"properties":{"osm_id":"way/224500799","building":"yes","name":"Sali Zeki Apt","height_m":9,"height_source":"estimate","levels":3,"addr":{"city":"İstanbul","district":"Beyoğlu","housenumber":"16","neighbourhood":"Cihangir Mah.","street":"Pürtelaş Sokağı"}}},{"type":"Feature","id":"way/224500800","geometry":{"type":"Polygon","coordinates":[[[28.9839471,41.0352613],[28.9840057,41.0353048],[28.9840275,41.0352881],[28.9840663,41.0353169],[28.9840887,41.0352997],[28.9841211,41.0353238],[28.9841839,41.0352757],[28.984217,41.0353003],[28.9842575,41.0352693],[28.9843023,41.0353026],[28.9843709,41.0352499],[28.9844208,41.0352869],[28.9844945,41.0352304],[28.9844464,41.0351947],[28.984519,41.035139],[28.9844679,41.0351011],[28.9845109,41.0350681],[28.9844877,41.0350509],[28.9845488,41.035004],[28.9845131,41.0349775],[28.9845294,41.034965],[28.9844909,41.0349364],[28.9845038,41.0349265],[28.9844428,41.0348812],[28.9839471,41.0352613]]]},"properties":{"osm_id":"way/224500800","building":"yes","name":null,"height_m":9,"height_source":"estimate","levels":3,"addr":null}},{"type":"Feature","id":"way/224500801","geometry":{"type":"Polygon","coordinates":[[[28.9858965,41.0355242],[28.9860243,41.0354254],[28.9859459,41.0353677],[28.9858181,41.0354665],[28.9858965,41.0355242]]]},"properties":{"osm_id":"way/224500801","building":"mosque","name":"Kazancı Ali Ağa Camii","height_m":9,"height_source":"estimate","levels":3,"addr":null}},{"type":"Feature","id":"way/224500802","geometry":{"type":"Polygon","coordinates":[[[28.9855328,41.0351396],[28.9856495,41.0351102],[28.985596,41.0349891],[28.9854793,41.0350184],[28.9855328,41.0351396]]]},"properties":{"osm_id":"way/224500802","building":"yes","name":null,"height_m":9,"height_source":"estimate","levels":3,"addr":null}},{"type":"Feature","id":"way/224500805","geometry":{"type":"Polygon","coordinates":[[[28.9851382,41.0349814],[28.984726,41.035019],[28.984746,41.0351435],[28.9851581,41.0351059],[28.9851382,41.0349814]]]},"properties":{"osm_id":"way/224500805","building":"yes","name":null,"height_m":9,"height_source":"estimate","levels":3,"addr":null}},{"type":"Feature","id":"way/224500806","geometry":{"type":"Polygon","coordinates":[[[28.9855078,41.0354907],[28.9856155,41.0354629],[28.9855525,41.035324],[28.9854449,41.0353517],[28.9855078,41.0354907]]]},"properties":{"osm_id":"way/224500806","building":"yes","name":null,"height_m":9,"height_source":"estimate","levels":3,"addr":null}},{"type":"Feature","id":"way/224500813","geometry":{"type":"Polygon","coordinates":[[[28.9862014,41.0352699],[28.9860982,41.0352093],[28.9859556,41.0353474],[28.9860588,41.0354081],[28.9862014,41.0352699]]]},"properties":{"osm_id":"way/224500813","building":"yes","name":null,"height_m":9,"height_source":"estimate","levels":3,"addr":null}},{"type":"Feature","id":"way/224500814","geometry":{"type":"Polygon","coordinates":[[[28.9864257,41.0356947],[28.9864917,41.0357272],[28.9865753,41.0356307],[28.9865093,41.0355982],[28.9864257,41.0356947]]]},"properties":{"osm_id":"way/224500814","building":"yes","name":null,"height_m":9,"height_source":"estimate","levels":3,"addr":null}},{"type":"Feature","id":"way/224500815","geometry":{"type":"Polygon","coordinates":[[[28.986187,41.0349776],[28.986016,41.034922],[28.9859722,41.0349987],[28.9861432,41.0350543],[28.986187,41.0349776]]]},"properties":{"osm_id":"way/224500815","building":"yes","name":null,"height_m":9,"height_source":"estimate","levels":3,"addr":null}},{"type":"Feature","id":"way/224500817","geometry":{"type":"Polygon","coordinates":[[[28.9862432,41.0355847],[28.9863921,41.0356854],[28.9864538,41.0356335],[28.9863049,41.0355328],[28.9862432,41.0355847]]]},"properties":{"osm_id":"way/224500817","building":"yes","name":null,"height_m":9,"height_source":"estimate","levels":3,"addr":null}},{"type":"Feature","id":"way/224500818","geometry":{"type":"Polygon","coordinates":[[[28.9850966,41.0346911],[28.9847955,41.0347179],[28.9848074,41.0348423],[28.9851049,41.0348258],[28.9850966,41.0346911]]]},"properties":{"osm_id":"way/224500818","building":"government","name":null,"height_m":9,"height_source":"estimate","levels":3,"addr":null}},{"type":"Feature","id":"way/224500820","geometry":{"type":"Polygon","coordinates":[[[28.9854793,41.0350184],[28.9852928,41.0350653],[28.9853463,41.0351865],[28.9855328,41.0351396],[28.9854793,41.0350184]]]},"properties":{"osm_id":"way/224500820","building":"yes","name":null,"height_m":9,"height_source":"estimate","levels":3,"addr":null}},{"type":"Feature","id":"way/224500822","geometry":{"type":"Polygon","coordinates":[[[28.984746,41.0351435],[28.9847637,41.0352541],[28.9851758,41.0352166],[28.9851581,41.0351059],[28.984746,41.0351435]]]},"properties":{"osm_id":"way/224500822","building":"yes","name":null,"height_m":9,"height_source":"estimate","levels":3,"addr":null}},{"type":"Feature","id":"way/224500823","geometry":{"type":"Polygon","coordinates":[[[28.9856155,41.0354629],[28.9857101,41.0354385],[28.9856472,41.0352996],[28.9855525,41.035324],[28.9856155,41.0354629]]]},"properties":{"osm_id":"way/224500823","building":"yes","name":null,"height_m":9,"height_source":"estimate","levels":3,"addr":null}},{"type":"Feature","id":"way/224500829","geometry":{"type":"Polygon","coordinates":[[[28.9851758,41.0352166],[28.9847637,41.0352541],[28.9847729,41.035312],[28.9851851,41.0352744],[28.9851758,41.0352166]]]},"properties":{"osm_id":"way/224500829","building":"yes","name":null,"height_m":9,"height_source":"estimate","levels":3,"addr":null}},{"type":"Feature","id":"way/224500830","geometry":{"type":"Polygon","coordinates":[[[28.986268,41.0348359],[28.986097,41.0347803],[28.9860521,41.0348589],[28.986223,41.0349146],[28.986268,41.0348359]]]},"properties":{"osm_id":"way/224500830","building":"yes","name":null,"height_m":9,"height_source":"estimate","levels":3,"addr":null}},{"type":"Feature","id":"way/224500831","geometry":{"type":"Polygon","coordinates":[[[28.985194,41.0354164],[28.985257,41.0355554],[28.9853728,41.0355255],[28.9853098,41.0353866],[28.985194,41.0354164]]]},"properties":{"osm_id":"way/224500831","building":"yes","name":null,"height_m":9,"height_source":"estimate","levels":3,"addr":null}},{"type":"Feature","id":"way/224500832","geometry":{"type":"Polygon","coordinates":[[[28.9834636,41.0357472],[28.9834022,41.0358097],[28.983359,41.0358807],[28.9836205,41.0359625],[28.9837186,41.0357728],[28.9837285,41.0357484],[28.9836319,41.0357172],[28.9835321,41.0356742],[28.9834636,41.0357472]]]},"properties":{"osm_id":"way/224500832","building":"yes","name":null,"height_m":9,"height_source":"estimate","levels":3,"addr":null}},{"type":"Feature","id":"way/224500835","geometry":{"type":"Polygon","coordinates":[[[28.9856472,41.0352996],[28.9856104,41.0352185],[28.9855157,41.0352429],[28.9855525,41.035324],[28.9856472,41.0352996]]]},"properties":{"osm_id":"way/224500835","building":"yes","name":null,"height_m":9,"height_source":"estimate","levels":3,"addr":null}},{"type":"Feature","id":"way/224500836","geometry":{"type":"Polygon","coordinates":[[[28.9853728,41.0355255],[28.9855078,41.0354907],[28.9854449,41.0353517],[28.9853098,41.0353866],[28.9853728,41.0355255]]]},"properties":{"osm_id":"way/224500836","building":"yes","name":null,"height_m":9,"height_source":"estimate","levels":3,"addr":null}},{"type":"Feature","id":"way/224500837","geometry":{"type":"Polygon","coordinates":[[[28.9859638,41.034658],[28.9859257,41.0347246],[28.986097,41.0347803],[28.9861351,41.0347138],[28.9859638,41.034658]]]},"properties":{"osm_id":"way/224500837","building":"yes","name":null,"height_m":9,"height_source":"estimate","levels":3,"addr":null}},{"type":"Feature","id":"way/224500843","geometry":{"type":"Polygon","coordinates":[[[28.9862024,41.035807],[28.9863213,41.0358364],[28.9864024,41.0357389],[28.9863083,41.0356824],[28.9862024,41.035807]]]},"properties":{"osm_id":"way/224500843","building":"yes","name":null,"height_m":9,"height_source":"estimate","levels":3,"addr":null}},{"type":"Feature","id":"way/224500852","geometry":{"type":"Polygon","coordinates":[[[28.9855157,41.0352429],[28.9856104,41.0352185],[28.9855762,41.0351512],[28.985439,41.0351923],[28.9854746,41.0352512],[28.9855157,41.0352429]]]},"properties":{"osm_id":"way/224500852","building":"yes","name":null,"height_m":9,"height_source":"estimate","levels":3,"addr":null}},{"type":"Feature","id":"way/224500853","geometry":{"type":"Polygon","coordinates":[[[28.986097,41.0347803],[28.9859257,41.0347246],[28.9858632,41.034834],[28.9860345,41.0348897],[28.9860521,41.0348589],[28.986097,41.0347803]]]},"properties":{"osm_id":"way/224500853","building":"yes","name":null,"height_m":9,"height_source":"estimate","levels":3,"addr":null}},{"type":"Feature","id":"way/224500858","geometry":{"type":"Polygon","coordinates":[[[28.9851597,41.0357839],[28.9853393,41.0357431],[28.9852837,41.0356039],[28.984818,41.0357097],[28.9848736,41.0358489],[28.9851597,41.0357839]]]},"properties":{"osm_id":"way/224500858","building":"yes","name":null,"height_m":9,"height_source":"estimate","levels":3,"addr":null}},{"type":"Feature","id":"way/224500863","geometry":{"type":"Polygon","coordinates":[[[28.9861536,41.0346813],[28.9861351,41.0347138],[28.986097,41.0347803],[28.986268,41.0348359],[28.9863246,41.0347369],[28.9861536,41.0346813]]]},"properties":{"osm_id":"way/224500863","building":"yes","name":null,"height_m":9,"height_source":"estimate","levels":3,"addr":null}},{"type":"Feature","id":"way/224500864","geometry":{"type":"Polygon","coordinates":[[[28.9877091,41.0356647],[28.9876863,41.0356605],[28.9876289,41.0357073],[28.9878072,41.0358051],[28.9878529,41.0357676],[28.9877091,41.0356647]]]},"properties":{"osm_id":"way/224500864","building":"yes","name":null,"height_m":9,"height_source":"estimate","levels":3,"addr":null}},{"type":"Feature","id":"way/224500866","geometry":{"type":"Polygon","coordinates":[[[28.9847989,41.0354739],[28.9848412,41.0356558],[28.985257,41.0355554],[28.985194,41.0354164],[28.9849174,41.0354631],[28.9847989,41.0354739]]]},"properties":{"osm_id":"way/224500866","building":"yes","name":null,"height_m":9,"height_source":"estimate","levels":3,"addr":null}},{"type":"Feature","id":"way/224500867","geometry":{"type":"Polygon","coordinates":[[[28.9859722,41.0349987],[28.9858767,41.0351656],[28.9860013,41.0352057],[28.9860872,41.035133],[28.9861432,41.0350543],[28.9859722,41.0349987]]]},"properties":{"osm_id":"way/224500867","building":"yes","name":null,"height_m":9,"height_source":"estimate","levels":3,"addr":null}},{"type":"Feature","id":"way/224500870","geometry":{"type":"Polygon","coordinates":[[[28.9858632,41.034834],[28.9858009,41.0349429],[28.9859722,41.0349987],[28.986016,41.034922],[28.9860345,41.0348897],[28.9858632,41.034834]]]},"properties":{"osm_id":"way/224500870","building":"yes","name":null,"height_m":9,"height_source":"estimate","levels":3,"addr":null}},{"type":"Feature","id":"way/224500872","geometry":{"type":"Polygon","coordinates":[[[28.9861862,41.0346244],[28.9860148,41.0345687],[28.9859638,41.034658],[28.9861351,41.0347138],[28.9861536,41.0346813],[28.9861862,41.0346244]]]},"properties":{"osm_id":"way/224500872","building":"yes","name":null,"height_m":9,"height_source":"estimate","levels":3,"addr":null}},{"type":"Feature","id":"way/224500874","geometry":{"type":"Polygon","coordinates":[[[28.9863083,41.0356824],[28.986208,41.0356164],[28.9860764,41.0357582],[28.9860889,41.0357806],[28.9862024,41.035807],[28.9863083,41.0356824]]]},"properties":{"osm_id":"way/224500874","building":"yes","name":null,"height_m":9,"height_source":"estimate","levels":3,"addr":null}},{"type":"Feature","id":"way/224500883","geometry":{"type":"Polygon","coordinates":[[[28.9860521,41.0348589],[28.9860345,41.0348897],[28.986016,41.034922],[28.986187,41.0349776],[28.986223,41.0349146],[28.9860521,41.0348589]]]},"properties":{"osm_id":"way/224500883","building":"yes","name":null,"height_m":9,"height_source":"estimate","levels":3,"addr":null}},{"type":"Feature","id":"way/224500885","geometry":{"type":"Polygon","coordinates":[[[28.9868722,41.0355922],[28.9867656,41.0355248],[28.9867385,41.0355162],[28.9866286,41.0356079],[28.9867716,41.0357144],[28.9868722,41.0355922]]]},"properties":{"osm_id":"way/224500885","building":"yes","name":null,"height_m":9,"height_source":"estimate","levels":3,"addr":null}},{"type":"Feature","id":"way/224500886","geometry":{"type":"Polygon","coordinates":[[[28.9851851,41.0352744],[28.9847729,41.035312],[28.9847829,41.0353739],[28.9849329,41.0353603],[28.985195,41.0353364],[28.9851851,41.0352744]]]},"properties":{"osm_id":"way/224500886","building":"yes","name":null,"height_m":9,"height_source":"estimate","levels":3,"addr":null}},{"type":"Feature","id":"way/224500887","geometry":{"type":"Polygon","coordinates":[[[28.9847829,41.0353739],[28.9847989,41.0354739],[28.9849174,41.0354631],[28.9849089,41.0354102],[28.9849405,41.0354074],[28.9849329,41.0353603],[28.9847829,41.0353739]]]},"properties":{"osm_id":"way/224500887","building":"yes","name":null,"height_m":9,"height_source":"estimate","levels":3,"addr":null}},{"type":"Feature","id":"way/224500894","geometry":{"type":"Polygon","coordinates":[[[28.9878203,41.0355934],[28.9879251,41.0357244],[28.9880083,41.0357129],[28.9879752,41.0355432],[28.9879576,41.035538],[28.9879286,41.0355404],[28.9878203,41.0355934]]]},"properties":{"osm_id":"way/224500894","building":"yes","name":null,"height_m":9,"height_source":"estimate","levels":3,"addr":null}},{"type":"Feature","id":"way/224500895","geometry":{"type":"Polygon","coordinates":[[[28.9859722,41.0349987],[28.9858009,41.0349429],[28.9857319,41.0350774],[28.985783,41.035301],[28.9858538,41.0353272],[28.9860013,41.0352057],[28.9858767,41.0351656],[28.9859722,41.0349987]]]},"properties":{"osm_id":"way/224500895","building":"yes","name":null,"height_m":9,"height_source":"estimate","levels":3,"addr":null}},{"type":"Feature","id":"way/224500898","geometry":{"type":"Polygon","coordinates":[[[28.9862225,41.0353017],[28.985941,41.0355262],[28.9860229,41.0355805],[28.9861237,41.0355183],[28.986231,41.0354623],[28.9862594,41.0354802],[28.9863532,41.0353952],[28.9862225,41.0353017]]]},"properties":{"osm_id":"way/224500898","building":"yes","name":null,"height_m":9,"height_source":"estimate","levels":3,"addr":null}},{"type":"Feature","id":"way/224500899","geometry":{"type":"Polygon","coordinates":[[[28.9875853,41.0357354],[28.9875226,41.0358087],[28.9874989,41.0358688],[28.9877875,41.0358685],[28.9878072,41.0358051],[28.9876289,41.0357073],[28.987606,41.0357395],[28.9875853,41.0357354]]]},"properties":{"osm_id":"way/224500899","building":"yes","name":null,"height_m":9,"height_source":"estimate","levels":3,"addr":null}},{"type":"Feature","id":"way/224500900","geometry":{"type":"Polygon","coordinates":[[[28.9869521,41.0355202],[28.9870796,41.0354547],[28.9869787,41.0353335],[28.9869017,41.0353675],[28.9869156,41.0353877],[28.9868338,41.0354464],[28.9868485,41.0354547],[28.9869521,41.0355202]]]},"properties":{"osm_id":"way/224500900","building":"yes","name":null,"height_m":9,"height_source":"estimate","levels":3,"addr":{"housenumber":"17","street":"Dünya Sağlık Sokağı"}}},{"type":"Feature","id":"way/224500903","geometry":{"type":"Polygon","coordinates":[[[28.9877091,41.0356647],[28.9878529,41.0357676],[28.9879251,41.0357244],[28.9878203,41.0355934],[28.9877959,41.0356071],[28.9877837,41.0356015],[28.9877409,41.0356293],[28.9877512,41.0356382],[28.9877091,41.0356647]]]},"properties":{"osm_id":"way/224500903","building":"yes","name":null,"height_m":9,"height_source":"estimate","levels":3,"addr":null}},{"type":"Feature","id":"way/224500904","geometry":{"type":"Polygon","coordinates":[[[28.9867656,41.0355248],[28.9868722,41.0355922],[28.9869521,41.0355202],[28.9868485,41.0354547],[28.986819,41.0354812],[28.9868042,41.0354718],[28.9867756,41.0354975],[28.9867875,41.035505],[28.9867656,41.0355248]]]},"properties":{"osm_id":"way/224500904","building":"yes","name":null,"height_m":9,"height_source":"estimate","levels":3,"addr":null}},{"type":"Feature","id":"way/224500906","geometry":{"type":"Polygon","coordinates":[[[28.9877761,41.0343152],[28.9875004,41.0347525],[28.9878438,41.0349755],[28.9882406,41.0351815],[28.988287,41.0351399],[28.9885137,41.0352854],[28.9887097,41.0351251],[28.9887728,41.0351639],[28.9889175,41.0350406],[28.9877761,41.0343152]]]},"properties":{"osm_id":"way/224500906","building":"yes","name":"CVK Park Bosphorus Hotel","height_m":9,"height_source":"estimate","levels":3,"addr":null}},{"type":"Feature","id":"way/245693529","geometry":{"type":"Polygon","coordinates":[[[28.9863501,41.0305925],[28.9868636,41.0308179],[28.9869726,41.0306776],[28.9868069,41.0305869],[28.9868174,41.0305444],[28.9867047,41.0304788],[28.9866676,41.0304912],[28.9864953,41.0304103],[28.9863501,41.0305925]]]},"properties":{"osm_id":"way/245693529","building":"yes","name":null,"height_m":9,"height_source":"estimate","levels":3,"addr":null}},{"type":"Feature","id":"way/245697197","geometry":{"type":"Polygon","coordinates":[[[28.9866007,41.0310753],[28.9866428,41.0310095],[28.9864155,41.0309268],[28.9863734,41.0309926],[28.9866007,41.0310753]]]},"properties":{"osm_id":"way/245697197","building":"yes","name":null,"height_m":9,"height_source":"estimate","levels":3,"addr":null}},{"type":"Feature","id":"way/245697198","geometry":{"type":"Polygon","coordinates":[[[28.9860834,41.0309738],[28.9862166,41.0310222],[28.9862461,41.0310329],[28.9862719,41.0309925],[28.9861092,41.0309334],[28.9860834,41.0309738]]]},"properties":{"osm_id":"way/245697198","building":"yes","name":null,"height_m":9,"height_source":"estimate","levels":3,"addr":null}},{"type":"Feature","id":"way/245697199","geometry":{"type":"Polygon","coordinates":[[[28.9865281,41.0311852],[28.9866007,41.0310753],[28.9863734,41.0309926],[28.9863563,41.0309864],[28.9862856,41.031097],[28.9865281,41.0311852]]]},"properties":{"osm_id":"way/245697199","building":"yes","name":null,"height_m":9,"height_source":"estimate","levels":3,"addr":null}},{"type":"Feature","id":"way/245697200","geometry":{"type":"Polygon","coordinates":[[[28.9861092,41.0309334],[28.9862719,41.0309925],[28.9863226,41.0309132],[28.9861599,41.0308541],[28.9861092,41.0309334]]]},"properties":{"osm_id":"way/245697200","building":"yes","name":null,"height_m":9,"height_source":"estimate","levels":3,"addr":null}},{"type":"Feature","id":"way/245697203","geometry":{"type":"Polygon","coordinates":[[[28.986271,41.0310917],[28.9862856,41.031097],[28.9865281,41.0311852],[28.9864261,41.0313449],[28.986169,41.0312514],[28.986271,41.0310917]]]},"properties":{"osm_id":"way/245697203","building":"yes","name":null,"height_m":9,"height_source":"estimate","levels":3,"addr":null}},{"type":"Feature","id":"way/245697204","geometry":{"type":"Polygon","coordinates":[[[28.9860587,41.0311922],[28.9861055,41.0311188],[28.9860124,41.031085],[28.985937,41.031203],[28.9860634,41.0312489],[28.9860919,41.0312042],[28.9860587,41.0311922]]]},"properties":{"osm_id":"way/245697204","building":"yes","name":null,"height_m":9,"height_source":"estimate","levels":3,"addr":null}},{"type":"Feature","id":"way/245697206","geometry":{"type":"Polygon","coordinates":[[[28.9863221,41.0313071],[28.9864261,41.0313449],[28.9863547,41.0314566],[28.9862507,41.0314188],[28.9863035,41.0313362],[28.9863221,41.0313071]]]},"properties":{"osm_id":"way/245697206","building":"yes","name":null,"height_m":9,"height_source":"estimate","levels":3,"addr":null}},{"type":"Feature","id":"way/245697208","geometry":{"type":"Polygon","coordinates":[[[28.9866388,41.0307902],[28.9867557,41.0308327],[28.9866926,41.0309315],[28.9864653,41.0308488],[28.9863674,41.0308132],[28.9863963,41.0307681],[28.9864305,41.0307145],[28.9866388,41.0307902]]]},"properties":{"osm_id":"way/245697208","building":"yes","name":null,"height_m":9,"height_source":"estimate","levels":3,"addr":null}},{"type":"Feature","id":"way/245697210","geometry":{"type":"Polygon","coordinates":[[[28.9863547,41.0314566],[28.986295,41.0315501],[28.986191,41.0315122],[28.9862507,41.0314188],[28.9863547,41.0314566]]]},"properties":{"osm_id":"way/245697210","building":"yes","name":null,"height_m":9,"height_source":"estimate","levels":3,"addr":null}},{"type":"Feature","id":"way/245697211","geometry":{"type":"Polygon","coordinates":[[[28.9862491,41.0307145],[28.9863963,41.0307681],[28.9863674,41.0308132],[28.9863482,41.0308432],[28.9863637,41.0308489],[28.9863226,41.0309132],[28.9861599,41.0308541],[28.9862491,41.0307145]]]},"properties":{"osm_id":"way/245697211","building":"yes","name":null,"height_m":9,"height_source":"estimate","levels":3,"addr":null}},{"type":"Feature","id":"way/245697212","geometry":{"type":"Polygon","coordinates":[[[28.9864653,41.0308488],[28.9866926,41.0309315],[28.9866428,41.0310095],[28.9864155,41.0309268],[28.9864653,41.0308488]]]},"properties":{"osm_id":"way/245697212","building":"yes","name":null,"height_m":9,"height_source":"estimate","levels":3,"addr":null}},{"type":"Feature","id":"way/245697214","geometry":{"type":"Polygon","coordinates":[[[28.9861092,41.0312656],[28.9863035,41.0313362],[28.9862507,41.0314188],[28.986191,41.0315122],[28.9859967,41.0314416],[28.9861092,41.0312656]]]},"properties":{"osm_id":"way/245697214","building":"yes","name":null,"height_m":9,"height_source":"estimate","levels":3,"addr":null}},{"type":"Feature","id":"way/245697216","geometry":{"type":"Polygon","coordinates":[[[28.9860124,41.031085],[28.9861055,41.0311188],[28.9861273,41.0310848],[28.9861673,41.0310993],[28.9862166,41.0310222],[28.9860834,41.0309738],[28.9860124,41.031085]]]},"properties":{"osm_id":"way/245697216","building":"yes","name":null,"height_m":9,"height_source":"estimate","levels":3,"addr":null}},{"type":"Feature","id":"way/245697218","geometry":{"type":"Polygon","coordinates":[[[28.9858245,41.031379],[28.985937,41.031203],[28.9860634,41.0312489],[28.9861092,41.0312656],[28.9859967,41.0314416],[28.9858245,41.031379]]]},"properties":{"osm_id":"way/245697218","building":"yes","name":null,"height_m":9,"height_source":"estimate","levels":3,"addr":null}},{"type":"Feature","id":"way/245929612","geometry":{"type":"Polygon","coordinates":[[[28.9858642,41.0311645],[28.9857621,41.0311281],[28.9857135,41.0312058],[28.9858156,41.0312422],[28.9858642,41.0311645]]]},"properties":{"osm_id":"way/245929612","building":"yes","name":null,"height_m":9,"height_source":"estimate","levels":3,"addr":null}},{"type":"Feature","id":"way/245929613","geometry":{"type":"Polygon","coordinates":[[[28.9853911,41.0312253],[28.9854515,41.0311289],[28.9855095,41.0310927],[28.985284,41.0310934],[28.9852721,41.0311643],[28.9853124,41.0312009],[28.9853911,41.0312253]]]},"properties":{"osm_id":"way/245929613","building":"yes","name":null,"height_m":9,"height_source":"estimate","levels":3,"addr":null}},{"type":"Feature","id":"way/245929614","geometry":{"type":"Polygon","coordinates":[[[28.9859024,41.0311035],[28.985807,41.0310694],[28.9857705,41.0310564],[28.9857323,41.0311175],[28.9857621,41.0311281],[28.9858642,41.0311645],[28.9859024,41.0311035]]]},"properties":{"osm_id":"way/245929614","building":"yes","name":null,"height_m":9,"height_source":"estimate","levels":3,"addr":null}},{"type":"Feature","id":"way/245929615","geometry":{"type":"Polygon","coordinates":[[[28.9859621,41.0306407],[28.9861131,41.0306422],[28.9861113,41.0307426],[28.9860492,41.030742],[28.9860488,41.0307638],[28.9859599,41.0307628],[28.9859615,41.0306747],[28.9859621,41.0306407]]]},"properties":{"osm_id":"way/245929615","building":"yes","name":null,"height_m":9,"height_source":"estimate","levels":3,"addr":null}},{"type":"Feature","id":"way/245929616","geometry":{"type":"Polygon","coordinates":[[[28.9859415,41.0310411],[28.9858461,41.031007],[28.985807,41.0310694],[28.9859024,41.0311035],[28.9859415,41.0310411]]]},"properties":{"osm_id":"way/245929616","building":"yes","name":null,"height_m":9,"height_source":"estimate","levels":3,"addr":null}},{"type":"Feature","id":"way/245929617","geometry":{"type":"Polygon","coordinates":[[[28.9852828,41.0308774],[28.9853957,41.0308771],[28.9853951,41.0307778],[28.9854893,41.0307775],[28.9854886,41.0306507],[28.9852816,41.0306514],[28.9852828,41.0308774]]]},"properties":{"osm_id":"way/245929617","building":"yes","name":null,"height_m":9,"height_source":"estimate","levels":3,"addr":null}},{"type":"Feature","id":"way/245929618","geometry":{"type":"Polygon","coordinates":[[[28.9854638,41.0312512],[28.9855241,41.0311548],[28.9854515,41.0311289],[28.9853911,41.0312253],[28.9854638,41.0312512]]]},"properties":{"osm_id":"way/245929618","building":"yes","name":null,"height_m":9,"height_source":"estimate","levels":3,"addr":null}},{"type":"Feature","id":"way/245929619","geometry":{"type":"Polygon","coordinates":[[[28.9862095,41.0306409],[28.9860972,41.0308004],[28.9860488,41.0307638],[28.9860492,41.030742],[28.9861113,41.0307426],[28.9861131,41.0306422],[28.9862095,41.0306409]]]},"properties":{"osm_id":"way/245929619","building":"yes","name":null,"height_m":9,"height_source":"estimate","levels":3,"addr":null}},{"type":"Feature","id":"way/245929620","geometry":{"type":"Polygon","coordinates":[[[28.9855362,41.031277],[28.9855965,41.0311806],[28.9855241,41.0311548],[28.9854638,41.0312512],[28.9855362,41.031277]]]},"properties":{"osm_id":"way/245929620","building":"yes","name":null,"height_m":9,"height_source":"estimate","levels":3,"addr":null}},{"type":"Feature","id":"way/245929621","geometry":{"type":"Polygon","coordinates":[[[28.9856492,41.0307797],[28.9856503,41.0307174],[28.9856514,41.0306537],[28.9854886,41.0306507],[28.9854893,41.0307775],[28.9856492,41.0307797]]]},"properties":{"osm_id":"way/245929621","building":"yes","name":null,"height_m":9,"height_source":"estimate","levels":3,"addr":null}},{"type":"Feature","id":"way/245929622","geometry":{"type":"Polygon","coordinates":[[[28.985978,41.0309829],[28.9857946,41.0309176],[28.9857322,41.0310171],[28.9857819,41.0310348],[28.9858079,41.0309934],[28.9858461,41.031007],[28.9859415,41.0310411],[28.985978,41.0309829]]]},"properties":{"osm_id":"way/245929622","building":"yes","name":null,"height_m":9,"height_source":"estimate","levels":3,"addr":null}},{"type":"Feature","id":"way/245929623","geometry":{"type":"Polygon","coordinates":[[[28.9852833,41.030963],[28.9854667,41.0309624],[28.9854662,41.0308769],[28.9853957,41.0308771],[28.9852828,41.0308774],[28.9852833,41.030963]]]},"properties":{"osm_id":"way/245929623","building":"yes","name":null,"height_m":9,"height_source":"estimate","levels":3,"addr":null}},{"type":"Feature","id":"way/245929624","geometry":{"type":"Polygon","coordinates":[[[28.985765,41.0307692],[28.98577,41.0306555],[28.9856514,41.0306537],[28.9856503,41.0307174],[28.9857104,41.030718],[28.9857095,41.0307685],[28.985765,41.0307692]]]},"properties":{"osm_id":"way/245929624","building":"yes","name":null,"height_m":9,"height_source":"estimate","levels":3,"addr":null}},{"type":"Feature","id":"way/245929625","geometry":{"type":"Polygon","coordinates":[[[28.9856446,41.0313157],[28.9857135,41.0312058],[28.9857621,41.0311281],[28.9857323,41.0311175],[28.9856537,41.0310895],[28.9855965,41.0311806],[28.9855362,41.031277],[28.9856446,41.0313157]]]},"properties":{"osm_id":"way/245929625","building":"yes","name":null,"height_m":9,"height_source":"estimate","levels":3,"addr":null}},{"type":"Feature","id":"way/245929626","geometry":{"type":"Polygon","coordinates":[[[28.9860133,41.0309265],[28.9859419,41.030901],[28.9858299,41.0308611],[28.9857946,41.0309176],[28.985978,41.0309829],[28.9860133,41.0309265]]]},"properties":{"osm_id":"way/245929626","building":"yes","name":null,"height_m":9,"height_source":"estimate","levels":3,"addr":null}},{"type":"Feature","id":"way/245929627","geometry":{"type":"Polygon","coordinates":[[[28.9857467,41.031352],[28.9858156,41.0312422],[28.9857135,41.0312058],[28.9856446,41.0313157],[28.9857467,41.031352]]]},"properties":{"osm_id":"way/245929627","building":"yes","name":null,"height_m":9,"height_source":"estimate","levels":3,"addr":null}},{"type":"Feature","id":"way/245929628","geometry":{"type":"Polygon","coordinates":[[[28.9857711,41.0308022],[28.9858778,41.0308033],[28.9858785,41.030762],[28.9858801,41.0306739],[28.9858803,41.0306646],[28.9857736,41.0306635],[28.9857711,41.0308022]]]},"properties":{"osm_id":"way/245929628","building":"yes","name":null,"height_m":9,"height_source":"estimate","levels":3,"addr":null}},{"type":"Feature","id":"way/245929629","geometry":{"type":"Polygon","coordinates":[[[28.9860422,41.0308804],[28.9859708,41.0308549],[28.9859419,41.030901],[28.9860133,41.0309265],[28.9860422,41.0308804]]]},"properties":{"osm_id":"way/245929629","building":"yes","name":null,"height_m":9,"height_source":"estimate","levels":3,"addr":null}},{"type":"Feature","id":"way/245929630","geometry":{"type":"Polygon","coordinates":[[[28.9852837,41.0310303],[28.9855092,41.0310296],[28.9855088,41.0309623],[28.9854667,41.0309624],[28.9852833,41.030963],[28.9852837,41.0310303]]]},"properties":{"osm_id":"way/245929630","building":"yes","name":null,"height_m":9,"height_source":"estimate","levels":3,"addr":null}},{"type":"Feature","id":"way/245929631","geometry":{"type":"Polygon","coordinates":[[[28.9859599,41.0307628],[28.9859615,41.0306747],[28.9858801,41.0306739],[28.9858785,41.030762],[28.9859599,41.0307628]]]},"properties":{"osm_id":"way/245929631","building":"yes","name":null,"height_m":9,"height_source":"estimate","levels":3,"addr":null}},{"type":"Feature","id":"way/245929632","geometry":{"type":"Polygon","coordinates":[[[28.9855092,41.0310296],[28.9852837,41.0310303],[28.985284,41.0310934],[28.9855095,41.0310927],[28.9855092,41.0310296]]]},"properties":{"osm_id":"way/245929632","building":"yes","name":null,"height_m":9,"height_source":"estimate","levels":3,"addr":null}},{"type":"Feature","id":"way/245957833","geometry":{"type":"Polygon","coordinates":[[[28.9840275,41.0312027],[28.9841661,41.0311391],[28.9842126,41.0311967],[28.9840739,41.0312603],[28.9840275,41.0312027]]]},"properties":{"osm_id":"way/245957833","building":"yes","name":null,"height_m":9,"height_source":"estimate","levels":3,"addr":null}},{"type":"Feature","id":"way/245957834","geometry":{"type":"Polygon","coordinates":[[[28.9845803,41.0309491],[28.9846562,41.0309142],[28.9847474,41.0310273],[28.9847644,41.0310483],[28.9846884,41.0310832],[28.9845803,41.0309491]]]},"properties":{"osm_id":"way/245957834","building":"yes","name":null,"height_m":9,"height_source":"estimate","levels":3,"addr":null}},{"type":"Feature","id":"way/245957835","geometry":{"type":"Polygon","coordinates":[[[28.9849397,41.0307841],[28.9850168,41.0307488],[28.9850691,41.0308014],[28.9850696,41.0308322],[28.9850069,41.0308674],[28.9849397,41.0307841]]]},"properties":{"osm_id":"way/245957835","building":"yes","name":null,"height_m":9,"height_source":"estimate","levels":3,"addr":null}},{"type":"Feature","id":"way/245957836","geometry":{"type":"Polygon","coordinates":[[[28.9844654,41.0310018],[28.9845803,41.0309491],[28.9846884,41.0310832],[28.9845736,41.0311359],[28.9845569,41.0311153],[28.9844654,41.0310018]]]},"properties":{"osm_id":"way/245957836","building":"yes","name":null,"height_m":9,"height_source":"estimate","levels":3,"addr":null}},{"type":"Feature","id":"way/245957837","geometry":{"type":"Polygon","coordinates":[[[28.9851416,41.0306827],[28.9851766,41.0307228],[28.9851539,41.0308007],[28.9851098,41.0308011],[28.9850691,41.0308014],[28.9850168,41.0307488],[28.9851416,41.0306827]]]},"properties":{"osm_id":"way/245957837","building":"yes","name":null,"height_m":9,"height_source":"estimate","levels":3,"addr":null}},{"type":"Feature","id":"way/245957838","geometry":{"type":"Polygon","coordinates":[[[28.98413,41.0313299],[28.9842686,41.0312662],[28.9842417,41.0312328],[28.9842126,41.0311967],[28.9840739,41.0312603],[28.98413,41.0313299]]]},"properties":{"osm_id":"way/245957838","building":"yes","name":null,"height_m":9,"height_source":"estimate","levels":3,"addr":null}},{"type":"Feature","id":"way/245957839","geometry":{"type":"Polygon","coordinates":[[[28.9842186,41.0314095],[28.9843314,41.0313569],[28.984281,41.0312954],[28.9841682,41.031348],[28.9842186,41.0314095]]]},"properties":{"osm_id":"way/245957839","building":"yes","name":null,"height_m":9,"height_source":"estimate","levels":3,"addr":null}},{"type":"Feature","id":"way/245957840","geometry":{"type":"Polygon","coordinates":[[[28.9843872,41.0310376],[28.9844654,41.0310018],[28.9845569,41.0311153],[28.9844788,41.0311511],[28.9844628,41.0311314],[28.9844316,41.0310926],[28.9843872,41.0310376]]]},"properties":{"osm_id":"way/245957840","building":"yes","name":null,"height_m":9,"height_source":"estimate","levels":3,"addr":null}},{"type":"Feature","id":"way/245957841","geometry":{"type":"Polygon","coordinates":[[[28.9848891,41.0308073],[28.9849397,41.0307841],[28.9850309,41.0308972],[28.9849803,41.0309204],[28.9848891,41.0308073]]]},"properties":{"osm_id":"way/245957841","building":"yes","name":null,"height_m":9,"height_source":"estimate","levels":3,"addr":null}},{"type":"Feature","id":"way/245957842","geometry":{"type":"Polygon","coordinates":[[[28.9842884,41.0314948],[28.9844013,41.0314421],[28.9843829,41.0314197],[28.9843314,41.0313569],[28.9842186,41.0314095],[28.9842884,41.0314948]]]},"properties":{"osm_id":"way/245957842","building":"yes","name":null,"height_m":9,"height_source":"estimate","levels":3,"addr":null}},{"type":"Feature","id":"way/245957843","geometry":{"type":"Polygon","coordinates":[[[28.9843092,41.0310735],[28.9843872,41.0310376],[28.9844628,41.0311314],[28.9843848,41.0311672],[28.9843092,41.0310735]]]},"properties":{"osm_id":"way/245957843","building":"yes","name":null,"height_m":9,"height_source":"estimate","levels":3,"addr":null}},{"type":"Feature","id":"way/245957844","geometry":{"type":"Polygon","coordinates":[[[28.9848268,41.0308359],[28.9848891,41.0308073],[28.9849803,41.0309204],[28.984918,41.030949],[28.9848268,41.0308359]]]},"properties":{"osm_id":"way/245957844","building":"yes","name":null,"height_m":9,"height_source":"estimate","levels":3,"addr":null}},{"type":"Feature","id":"way/245957845","geometry":{"type":"Polygon","coordinates":[[[28.9847283,41.0308811],[28.9848268,41.0308359],[28.984918,41.030949],[28.9848195,41.0309942],[28.9847283,41.0308811]]]},"properties":{"osm_id":"way/245957845","building":"yes","name":null,"height_m":9,"height_source":"estimate","levels":3,"addr":null}},{"type":"Feature","id":"way/245957846","geometry":{"type":"Polygon","coordinates":[[[28.9843547,41.0315757],[28.9844676,41.031523],[28.9844013,41.0314421],[28.9842884,41.0314948],[28.9843547,41.0315757]]]},"properties":{"osm_id":"way/245957846","building":"yes","name":null,"height_m":9,"height_source":"estimate","levels":3,"addr":null}},{"type":"Feature","id":"way/245957847","geometry":{"type":"Polygon","coordinates":[[[28.9842409,41.0311048],[28.9843092,41.0310735],[28.9843848,41.0311672],[28.9843164,41.0311985],[28.9842409,41.0311048]]]},"properties":{"osm_id":"way/245957847","building":"yes","name":null,"height_m":9,"height_source":"estimate","levels":3,"addr":null}},{"type":"Feature","id":"way/245957848","geometry":{"type":"Polygon","coordinates":[[[28.9846562,41.0309142],[28.9847283,41.0308811],[28.9848195,41.0309942],[28.9847474,41.0310273],[28.9846562,41.0309142]]]},"properties":{"osm_id":"way/245957848","building":"yes","name":null,"height_m":9,"height_source":"estimate","levels":3,"addr":null}},{"type":"Feature","id":"way/245957849","geometry":{"type":"Polygon","coordinates":[[[28.9844343,41.0313957],[28.9843829,41.0314197],[28.9844013,41.0314421],[28.9844676,41.031523],[28.984519,41.0314991],[28.9844343,41.0313957]]]},"properties":{"osm_id":"way/245957849","building":"yes","name":null,"height_m":9,"height_source":"estimate","levels":3,"addr":null}},{"type":"Feature","id":"way/245957850","geometry":{"type":"Polygon","coordinates":[[[28.9841661,41.0311391],[28.9842409,41.0311048],[28.9843164,41.0311985],[28.9842417,41.0312328],[28.9842126,41.0311967],[28.9841661,41.0311391]]]},"properties":{"osm_id":"way/245957850","building":"yes","name":null,"height_m":9,"height_source":"estimate","levels":3,"addr":null}},{"type":"Feature","id":"way/246042708","geometry":{"type":"Polygon","coordinates":[[[28.9851515,41.0310932],[28.9851535,41.0310315],[28.9850361,41.0310295],[28.9849636,41.0310282],[28.9849616,41.0310899],[28.9851515,41.0310932]]]},"properties":{"osm_id":"way/246042708","building":"yes","name":null,"height_m":9,"height_source":"estimate","levels":3,"addr":null}},{"type":"Feature","id":"way/246042710","geometry":{"type":"Polygon","coordinates":[[[28.9851547,41.030991],[28.9850374,41.0309889],[28.9850361,41.0310295],[28.9851535,41.0310315],[28.9851547,41.030991]]]},"properties":{"osm_id":"way/246042710","building":"yes","name":null,"height_m":9,"height_source":"estimate","levels":3,"addr":null}},{"type":"Feature","id":"way/246042711","geometry":{"type":"Polygon","coordinates":[[[28.9848418,41.0313434],[28.9847555,41.0312381],[28.9847053,41.0312615],[28.9846857,41.0312706],[28.984772,41.0313759],[28.9848418,41.0313434]]]},"properties":{"osm_id":"way/246042711","building":"yes","name":null,"height_m":9,"height_source":"estimate","levels":3,"addr":null}},{"type":"Feature","id":"way/246042712","geometry":{"type":"Polygon","coordinates":[[[28.9848555,41.0312486],[28.9849391,41.0312096],[28.9849,41.031162],[28.9848165,41.031201],[28.9848216,41.0312072],[28.9848555,41.0312486]]]},"properties":{"osm_id":"way/246042712","building":"yes","name":null,"height_m":9,"height_source":"estimate","levels":3,"addr":null}},{"type":"Feature","id":"way/246042713","geometry":{"type":"Polygon","coordinates":[[[28.9851559,41.0309516],[28.9851547,41.030991],[28.9850374,41.0309889],[28.9850386,41.0309495],[28.9851559,41.0309516]]]},"properties":{"osm_id":"way/246042713","building":"yes","name":null,"height_m":9,"height_source":"estimate","levels":3,"addr":null}},{"type":"Feature","id":"way/246042715","geometry":{"type":"Polygon","coordinates":[[[28.9848216,41.0312072],[28.9849079,41.0313126],[28.9848418,41.0313434],[28.9847555,41.0312381],[28.9848216,41.0312072]]]},"properties":{"osm_id":"way/246042715","building":"yes","name":null,"height_m":9,"height_source":"estimate","levels":3,"addr":null}},{"type":"Feature","id":"way/246042716","geometry":{"type":"Polygon","coordinates":[[[28.9851554,41.0308968],[28.9851559,41.0309516],[28.9850386,41.0309495],[28.9850309,41.0308972],[28.9850705,41.0308975],[28.9851554,41.0308968]]]},"properties":{"osm_id":"way/246042716","building":"yes","name":null,"height_m":9,"height_source":"estimate","levels":3,"addr":null}},{"type":"Feature","id":"way/246042717","geometry":{"type":"Polygon","coordinates":[[[28.9851539,41.0308007],[28.9851098,41.0308011],[28.9850691,41.0308014],[28.9850696,41.0308322],[28.9850705,41.0308975],[28.9851554,41.0308968],[28.9851539,41.0308007]]]},"properties":{"osm_id":"way/246042717","building":"yes","name":null,"height_m":9,"height_source":"estimate","levels":3,"addr":null}},{"type":"Feature","id":"way/246042718","geometry":{"type":"Polygon","coordinates":[[[28.9849937,41.0312764],[28.9849391,41.0312096],[28.9848555,41.0312486],[28.9849102,41.0313153],[28.9849937,41.0312764]]]},"properties":{"osm_id":"way/246042718","building":"yes","name":null,"height_m":9,"height_source":"estimate","levels":3,"addr":null}},{"type":"Feature","id":"way/246042719","geometry":{"type":"Polygon","coordinates":[[[28.9851506,41.031212],[28.9851516,41.0311341],[28.9850872,41.031132],[28.9850327,41.0310954],[28.9849,41.031162],[28.9849391,41.0312096],[28.9849937,41.0312764],[28.9851506,41.031212]]]},"properties":{"osm_id":"way/246042719","building":"yes","name":null,"height_m":9,"height_source":"estimate","levels":3,"addr":null}},{"type":"Feature","id":"way/246047184","geometry":{"type":"Polygon","coordinates":[[[28.9844423,41.0316232],[28.9845469,41.031577],[28.9846394,41.0316362],[28.9845326,41.031673],[28.9844423,41.0316232]]]},"properties":{"osm_id":"way/246047184","building":"yes","name":null,"height_m":9,"height_source":"estimate","levels":3,"addr":null}},{"type":"Feature","id":"way/246047185","geometry":{"type":"Polygon","coordinates":[[[28.9848416,41.0314327],[28.9849529,41.0313795],[28.9849918,41.0314317],[28.984987,41.0315098],[28.9849223,41.0315376],[28.9848416,41.0314327]]]},"properties":{"osm_id":"way/246047185","building":"yes","name":null,"height_m":9,"height_source":"estimate","levels":3,"addr":null}},{"type":"Feature","id":"way/246047186","geometry":{"type":"Polygon","coordinates":[[[28.9847677,41.0317599],[28.9847927,41.031705],[28.9848059,41.0316758],[28.9847364,41.0316068],[28.9846394,41.0316362],[28.9845326,41.031673],[28.9847677,41.0317599]]]},"properties":{"osm_id":"way/246047186","building":"yes","name":null,"height_m":9,"height_source":"estimate","levels":3,"addr":null}},{"type":"Feature","id":"way/246047188","geometry":{"type":"Polygon","coordinates":[[[28.9847885,41.0314641],[28.9848416,41.0314327],[28.9849223,41.0315376],[28.9848729,41.0315606],[28.9847885,41.0314641]]]},"properties":{"osm_id":"way/246047188","building":"yes","name":null,"height_m":9,"height_source":"estimate","levels":3,"addr":null}},{"type":"Feature","id":"way/246047189","geometry":{"type":"Polygon","coordinates":[[[28.9847421,41.0314898],[28.9847885,41.0314641],[28.9848729,41.0315606],[28.9848914,41.0315893],[28.9848395,41.031611],[28.9847421,41.0314898]]]},"properties":{"osm_id":"way/246047189","building":"yes","name":null,"height_m":9,"height_source":"estimate","levels":3,"addr":null}},{"type":"Feature","id":"way/246047191","geometry":{"type":"Polygon","coordinates":[[[28.9846824,41.0315148],[28.9847421,41.0314898],[28.9848395,41.031611],[28.9848693,41.0316619],[28.9848059,41.0316758],[28.9847498,41.0316027],[28.9846824,41.0315148]]]},"properties":{"osm_id":"way/246047191","building":"yes","name":null,"height_m":9,"height_source":"estimate","levels":3,"addr":null}},{"type":"Feature","id":"way/246047192","geometry":{"type":"Polygon","coordinates":[[[28.9845469,41.031577],[28.9846824,41.0315148],[28.9847498,41.0316027],[28.9847364,41.0316068],[28.9846394,41.0316362],[28.9845469,41.031577]]]},"properties":{"osm_id":"way/246047192","building":"yes","name":null,"height_m":9,"height_source":"estimate","levels":3,"addr":null}},{"type":"Feature","id":"way/246047193","geometry":{"type":"Polygon","coordinates":[[[28.9851173,41.0312968],[28.9851495,41.0313154],[28.9851211,41.0314584],[28.9850874,41.0314511],[28.9849918,41.0314317],[28.9849529,41.0313795],[28.9851173,41.0312968]]]},"properties":{"osm_id":"way/246047193","building":"yes","name":null,"height_m":9,"height_source":"estimate","levels":3,"addr":null}},{"type":"Feature","id":"way/246051034","geometry":{"type":"Polygon","coordinates":[[[28.985404,41.0318736],[28.9853036,41.0318318],[28.9852755,41.0318702],[28.985376,41.031912],[28.985404,41.0318736]]]},"properties":{"osm_id":"way/246051034","building":"yes","name":null,"height_m":9,"height_source":"estimate","levels":3,"addr":null}},{"type":"Feature","id":"way/246051035","geometry":{"type":"Polygon","coordinates":[[[28.9852064,41.0314983],[28.9852186,41.0314257],[28.9853728,41.0314404],[28.9853607,41.031513],[28.9852064,41.0314983]]]},"properties":{"osm_id":"way/246051035","building":"yes","name":null,"height_m":9,"height_source":"estimate","levels":3,"addr":null}},{"type":"Feature","id":"way/246051036","geometry":{"type":"Polygon","coordinates":[[[28.9850757,41.0316407],[28.9849375,41.0316281],[28.9849043,41.031625],[28.9848941,41.031684],[28.9850608,41.0316982],[28.9850757,41.0316407]]]},"properties":{"osm_id":"way/246051036","building":"yes","name":null,"height_m":9,"height_source":"estimate","levels":3,"addr":null}},{"type":"Feature","id":"way/246051037","geometry":{"type":"Polygon","coordinates":[[[28.9854386,41.0318263],[28.9853382,41.0317845],[28.9853036,41.0318318],[28.985404,41.0318736],[28.9854386,41.0318263]]]},"properties":{"osm_id":"way/246051037","building":"yes","name":null,"height_m":9,"height_source":"estimate","levels":3,"addr":null}},{"type":"Feature","id":"way/246051038","geometry":{"type":"Polygon","coordinates":[[[28.985188,41.0316088],[28.9852064,41.0314983],[28.9853607,41.031513],[28.9853422,41.0316235],[28.985188,41.0316088]]]},"properties":{"osm_id":"way/246051038","building":"yes","name":null,"height_m":9,"height_source":"estimate","levels":3,"addr":null}},{"type":"Feature","id":"way/246051039","geometry":{"type":"Polygon","coordinates":[[[28.9855189,41.0314158],[28.9855401,41.0313786],[28.9853675,41.0313151],[28.9853431,41.0313995],[28.9853952,41.0314083],[28.9853876,41.031444],[28.9855189,41.0314158]]]},"properties":{"osm_id":"way/246051039","building":"yes","name":null,"height_m":9,"height_source":"estimate","levels":3,"addr":null}},{"type":"Feature","id":"way/246051040","geometry":{"type":"Polygon","coordinates":[[[28.9850909,41.0315662],[28.9849837,41.0315613],[28.9849497,41.0315598],[28.9849375,41.0316281],[28.9850757,41.0316407],[28.9850909,41.0315662]]]},"properties":{"osm_id":"way/246051040","building":"yes","name":null,"height_m":9,"height_source":"estimate","levels":3,"addr":null}},{"type":"Feature","id":"way/246051041","geometry":{"type":"Polygon","coordinates":[[[28.9848817,41.0317936],[28.984913,41.0317443],[28.9848726,41.0317311],[28.9847927,41.031705],[28.9847677,41.0317599],[28.9848817,41.0317936]]]},"properties":{"osm_id":"way/246051041","building":"yes","name":null,"height_m":9,"height_source":"estimate","levels":3,"addr":null}},{"type":"Feature","id":"way/246051042","geometry":{"type":"Polygon","coordinates":[[[28.9855087,41.031721],[28.9854098,41.031685],[28.9853382,41.0317845],[28.9854386,41.0318263],[28.9855087,41.031721]]]},"properties":{"osm_id":"way/246051042","building":"yes","name":null,"height_m":9,"height_source":"estimate","levels":3,"addr":null}},{"type":"Feature","id":"way/246051043","geometry":{"type":"Polygon","coordinates":[[[28.9851748,41.0316874],[28.9853291,41.0317021],[28.9853409,41.03166],[28.9853422,41.0316235],[28.985188,41.0316088],[28.9851748,41.0316874]]]},"properties":{"osm_id":"way/246051043","building":"yes","name":null,"height_m":9,"height_source":"estimate","levels":3,"addr":null}},{"type":"Feature","id":"way/246051044","geometry":{"type":"Polygon","coordinates":[[[28.9851211,41.0314584],[28.9849918,41.0314317],[28.984987,41.0315098],[28.9849837,41.0315613],[28.9850909,41.0315662],[28.9851211,41.0314584]]]},"properties":{"osm_id":"way/246051044","building":"yes","name":null,"height_m":9,"height_source":"estimate","levels":3,"addr":null}},{"type":"Feature","id":"way/246051045","geometry":{"type":"Polygon","coordinates":[[[28.9849543,41.0318231],[28.9849875,41.0317694],[28.984913,41.0317443],[28.9848817,41.0317936],[28.9849543,41.0318231]]]},"properties":{"osm_id":"way/246051045","building":"yes","name":null,"height_m":9,"height_source":"estimate","levels":3,"addr":null}},{"type":"Feature","id":"way/246051046","geometry":{"type":"Polygon","coordinates":[[[28.9855747,41.0316178],[28.9854068,41.0315568],[28.9853409,41.03166],[28.9854098,41.031685],[28.9855087,41.031721],[28.9855747,41.0316178]]]},"properties":{"osm_id":"way/246051046","building":"yes","name":null,"height_m":9,"height_source":"estimate","levels":3,"addr":null}},{"type":"Feature","id":"way/246051047","geometry":{"type":"Polygon","coordinates":[[[28.9851464,41.0318102],[28.9852838,41.0317839],[28.9853398,41.0317738],[28.9853291,41.0317021],[28.9851748,41.0316874],[28.9851464,41.0318102]]]},"properties":{"osm_id":"way/246051047","building":"yes","name":null,"height_m":9,"height_source":"estimate","levels":3,"addr":null}},{"type":"Feature","id":"way/246051048","geometry":{"type":"Polygon","coordinates":[[[28.9856181,41.0315498],[28.9855543,41.0314344],[28.9855165,41.031432],[28.9854354,41.0314834],[28.9853919,41.0315514],[28.9854068,41.0315568],[28.9855747,41.0316178],[28.9856181,41.0315498]]]},"properties":{"osm_id":"way/246051048","building":"yes","name":null,"height_m":9,"height_source":"estimate","levels":3,"addr":null}},{"type":"Feature","id":"way/246051049","geometry":{"type":"Polygon","coordinates":[[[28.9851266,41.0318588],[28.9852755,41.0318702],[28.9852838,41.0317839],[28.9851464,41.0318102],[28.9851266,41.0318588]]]},"properties":{"osm_id":"way/246051049","building":"yes","name":null,"height_m":9,"height_source":"estimate","levels":3,"addr":null}},{"type":"Feature","id":"way/246051050","geometry":{"type":"Polygon","coordinates":[[[28.9850295,41.0318591],[28.9850579,41.0317469],[28.9849812,41.0317376],[28.9849875,41.0317694],[28.9849543,41.0318231],[28.9850295,41.0318591]]]},"properties":{"osm_id":"way/246051050","building":"yes","name":null,"height_m":9,"height_source":"estimate","levels":3,"addr":null}},{"type":"Feature","id":"way/246051051","geometry":{"type":"Polygon","coordinates":[[[28.9852237,41.0313854],[28.9852389,41.0313054],[28.9852787,41.0312839],[28.9853675,41.0313151],[28.9853431,41.0313995],[28.9852237,41.0313854]]]},"properties":{"osm_id":"way/246051051","building":"yes","name":null,"height_m":9,"height_source":"estimate","levels":3,"addr":null}},{"type":"Feature","id":"way/246051052","geometry":{"type":"Polygon","coordinates":[[[28.9851029,41.0318981],[28.9853445,41.0319739],[28.985376,41.031912],[28.9852755,41.0318702],[28.9851266,41.0318588],[28.9851029,41.0318981]]]},"properties":{"osm_id":"way/246051052","building":"yes","name":null,"height_m":9,"height_source":"estimate","levels":3,"addr":null}},{"type":"Feature","id":"way/246051053","geometry":{"type":"Polygon","coordinates":[[[28.9852186,41.0314257],[28.9853728,41.0314404],[28.9853876,41.031444],[28.9853952,41.0314083],[28.9853431,41.0313995],[28.9852237,41.0313854],[28.9852186,41.0314257]]]},"properties":{"osm_id":"way/246051053","building":"yes","name":null,"height_m":9,"height_source":"estimate","levels":3,"addr":null}},{"type":"Feature","id":"way/246051054","geometry":{"type":"Polygon","coordinates":[[[28.9856104,41.0314042],[28.9856922,41.0314339],[28.9856559,41.0314908],[28.9856181,41.0315498],[28.9855543,41.0314344],[28.9856002,41.0314201],[28.9856104,41.0314042]]]},"properties":{"osm_id":"way/246051054","building":"yes","name":null,"height_m":9,"height_source":"estimate","levels":3,"addr":null}},{"type":"Feature","id":"way/246051055","geometry":{"type":"Polygon","coordinates":[[[28.9850608,41.0316982],[28.9848941,41.031684],[28.9848726,41.0317311],[28.984913,41.0317443],[28.9849875,41.0317694],[28.9849812,41.0317376],[28.9850579,41.0317469],[28.9850608,41.0316982]]]},"properties":{"osm_id":"way/246051055","building":"yes","name":null,"height_m":9,"height_source":"estimate","levels":3,"addr":null}},{"type":"Feature","id":"way/246094939","geometry":{"type":"Polygon","coordinates":[[[28.9852997,41.0320476],[28.9851822,41.0320076],[28.9851083,41.0321255],[28.9852263,41.0321612],[28.9852997,41.0320476]]]},"properties":{"osm_id":"way/246094939","building":"yes","name":null,"height_m":9,"height_source":"estimate","levels":3,"addr":null}},{"type":"Feature","id":"way/246094940","geometry":{"type":"Polygon","coordinates":[[[28.9850292,41.0319534],[28.9850315,41.0319494],[28.9849114,41.0319006],[28.9848354,41.0320015],[28.984822,41.0320267],[28.9848834,41.0320453],[28.9849285,41.0319846],[28.9849891,41.0320087],[28.9850292,41.0319534]]]},"properties":{"osm_id":"way/246094940","building":"yes","name":null,"height_m":9,"height_source":"estimate","levels":3,"addr":null}},{"type":"Feature","id":"way/246094941","geometry":{"type":"Polygon","coordinates":[[[28.984934,41.0322291],[28.9851207,41.0322942],[28.9852263,41.0321612],[28.9851083,41.0321255],[28.9850402,41.032099],[28.984934,41.0322291]]]},"properties":{"osm_id":"way/246094941","building":"yes","name":null,"height_m":9,"height_source":"estimate","levels":3,"addr":null}},{"type":"Feature","id":"way/246094942","geometry":{"type":"Polygon","coordinates":[[[28.9844807,41.0322012],[28.9847356,41.0322012],[28.9847384,41.0322613],[28.9844876,41.0322691],[28.9844807,41.0322012]]]},"properties":{"osm_id":"way/246094942","building":"yes","name":null,"height_m":9,"height_source":"estimate","levels":3,"addr":null}},{"type":"Feature","id":"way/246094943","geometry":{"type":"Polygon","coordinates":[[[28.9849492,41.0320776],[28.9849891,41.0320087],[28.9849285,41.0319846],[28.9848834,41.0320453],[28.9849492,41.0320776]]]},"properties":{"osm_id":"way/246094943","building":"yes","name":null,"height_m":9,"height_source":"estimate","levels":3,"addr":null}},{"type":"Feature","id":"way/246094944","geometry":{"type":"Polygon","coordinates":[[[28.9850491,41.0323998],[28.9851207,41.0322942],[28.984934,41.0322291],[28.9849135,41.0323219],[28.9850491,41.0323998]]]},"properties":{"osm_id":"way/246094944","building":"yes","name":null,"height_m":9,"height_source":"estimate","levels":3,"addr":null}},{"type":"Feature","id":"way/246094945","geometry":{"type":"Polygon","coordinates":[[[28.9844846,41.032137],[28.9847244,41.0321292],[28.9847356,41.0322012],[28.9844807,41.0322012],[28.9844846,41.032137]]]},"properties":{"osm_id":"way/246094945","building":"yes","name":null,"height_m":9,"height_source":"estimate","levels":3,"addr":null}},{"type":"Feature","id":"way/246094946","geometry":{"type":"Polygon","coordinates":[[[28.9844788,41.0320725],[28.9846837,41.0320627],[28.9847176,41.0320611],[28.9847244,41.0321292],[28.9844846,41.032137],[28.9844788,41.0320725]]]},"properties":{"osm_id":"way/246094946","building":"yes","name":null,"height_m":9,"height_source":"estimate","levels":3,"addr":null}},{"type":"Feature","id":"way/246094947","geometry":{"type":"Polygon","coordinates":[[[28.9844189,41.0318487],[28.984417,41.0317107],[28.9846017,41.0317808],[28.9845575,41.031817],[28.9845131,41.0318079],[28.9845083,41.0318496],[28.9844189,41.0318487]]]},"properties":{"osm_id":"way/246094947","building":"yes","name":null,"height_m":9,"height_source":"estimate","levels":3,"addr":null}},{"type":"Feature","id":"way/246094948","geometry":{"type":"Polygon","coordinates":[[[28.984798,41.0324748],[28.9847838,41.0323062],[28.9849135,41.0323219],[28.9849431,41.0324768],[28.984798,41.0324748]]]},"properties":{"osm_id":"way/246094948","building":"yes","name":null,"height_m":9,"height_source":"estimate","levels":3,"addr":{"city":"İstanbul","housenumber":"3","street":"Sogancı Sk."}}},{"type":"Feature","id":"way/246094949","geometry":{"type":"Polygon","coordinates":[[[28.9851112,41.031984],[28.9850292,41.0319534],[28.9849492,41.0320776],[28.9849968,41.0320944],[28.9850314,41.0320431],[28.9850679,41.0320575],[28.9851112,41.031984]]]},"properties":{"osm_id":"way/246094949","building":"yes","name":null,"height_m":9,"height_source":"estimate","levels":3,"addr":null}},{"type":"Feature","id":"way/246094950","geometry":{"type":"Polygon","coordinates":[[[28.9846991,41.0319098],[28.9847361,41.0318334],[28.9846017,41.0317808],[28.9845575,41.031817],[28.9845715,41.0318652],[28.9846242,41.0318992],[28.9846991,41.0319098]]]},"properties":{"osm_id":"way/246094950","building":"yes","name":null,"height_m":9,"height_source":"estimate","levels":3,"addr":null}},{"type":"Feature","id":"way/246094951","geometry":{"type":"Polygon","coordinates":[[[28.9849999,41.0324799],[28.9850491,41.0323998],[28.9849135,41.0323219],[28.9849431,41.0324768],[28.9849999,41.0324799]]]},"properties":{"osm_id":"way/246094951","building":"yes","name":null,"height_m":9,"height_source":"estimate","levels":3,"addr":null}},{"type":"Feature","id":"way/246094952","geometry":{"type":"Polygon","coordinates":[[[28.9844637,41.0320196],[28.9846457,41.0320035],[28.9846891,41.0319996],[28.9846837,41.0320627],[28.9844788,41.0320725],[28.9844637,41.0320196]]]},"properties":{"osm_id":"way/246094952","building":"yes","name":null,"height_m":9,"height_source":"estimate","levels":3,"addr":null}},{"type":"Feature","id":"way/246094953","geometry":{"type":"Polygon","coordinates":[[[28.9846806,41.0324763],[28.984798,41.0324748],[28.9847838,41.0323062],[28.9846561,41.0323011],[28.9846806,41.0324763]]]},"properties":{"osm_id":"way/246094953","building":"yes","name":null,"height_m":9,"height_source":"estimate","levels":3,"addr":null}},{"type":"Feature","id":"way/246094954","geometry":{"type":"Polygon","coordinates":[[[28.984434,41.031922],[28.9845231,41.0319113],[28.9846242,41.0318992],[28.9846457,41.0320035],[28.9844637,41.0320196],[28.984434,41.031922]]]},"properties":{"osm_id":"way/246094954","building":"yes","name":null,"height_m":9,"height_source":"estimate","levels":3,"addr":null}},{"type":"Feature","id":"way/246094955","geometry":{"type":"Polygon","coordinates":[[[28.9851083,41.0321255],[28.9851822,41.0320076],[28.9851112,41.031984],[28.9850679,41.0320575],[28.9850402,41.032099],[28.9851083,41.0321255]]]},"properties":{"osm_id":"way/246094955","building":"yes","name":null,"height_m":9,"height_source":"estimate","levels":3,"addr":null}},{"type":"Feature","id":"way/246094956","geometry":{"type":"Polygon","coordinates":[[[28.9849114,41.0319006],[28.9847361,41.0318334],[28.9846991,41.0319098],[28.9846905,41.0319569],[28.9848354,41.0320015],[28.9849114,41.0319006]]]},"properties":{"osm_id":"way/246094956","building":"yes","name":null,"height_m":9,"height_source":"estimate","levels":3,"addr":null}},{"type":"Feature","id":"way/246094957","geometry":{"type":"Polygon","coordinates":[[[28.9844949,41.0324885],[28.9846806,41.0324763],[28.9846561,41.0323011],[28.9844861,41.0323081],[28.9844949,41.0324885]]]},"properties":{"osm_id":"way/246094957","building":"yes","name":null,"height_m":9,"height_source":"estimate","levels":3,"addr":null}},{"type":"Feature","id":"way/246094958","geometry":{"type":"Polygon","coordinates":[[[28.9844189,41.0318487],[28.984434,41.031922],[28.9845231,41.0319113],[28.9845083,41.0318496],[28.9844189,41.0318487]]]},"properties":{"osm_id":"way/246094958","building":"yes","name":null,"height_m":9,"height_source":"estimate","levels":3,"addr":null}},{"type":"Feature","id":"way/246095540","geometry":{"type":"Polygon","coordinates":[[[28.9834466,41.032351],[28.9836061,41.0322954],[28.9836603,41.0322774],[28.9837068,41.0324229],[28.9837092,41.0324684],[28.9837188,41.0324922],[28.9835811,41.0325368],[28.9834466,41.032351]]]},"properties":{"osm_id":"way/246095540","building":"yes","name":null,"height_m":9,"height_source":"estimate","levels":3,"addr":null}},{"type":"Feature","id":"way/246095541","geometry":{"type":"Polygon","coordinates":[[[28.9836603,41.0322774],[28.9838272,41.0322471],[28.9838737,41.0323926],[28.9837068,41.0324229],[28.9836603,41.0322774]]]},"properties":{"osm_id":"way/246095541","building":"yes","name":null,"height_m":9,"height_source":"estimate","levels":3,"addr":null}},{"type":"Feature","id":"way/246095542","geometry":{"type":"Polygon","coordinates":[[[28.9843329,41.0320444],[28.9843295,41.0319861],[28.9841582,41.0319918],[28.9841616,41.0320501],[28.9843329,41.0320444]]]},"properties":{"osm_id":"way/246095542","building":"yes","name":null,"height_m":9,"height_source":"estimate","levels":3,"addr":null}},{"type":"Feature","id":"way/246095544","geometry":{"type":"Polygon","coordinates":[[[28.9843631,41.0324838],[28.9843456,41.0322355],[28.984337,41.0321127],[28.9841657,41.0321184],[28.9841911,41.032416],[28.9841494,41.0324241],[28.984179,41.0325172],[28.9843631,41.0324838]]]},"properties":{"osm_id":"way/246095544","building":"yes","name":null,"height_m":9,"height_source":"estimate","levels":3,"addr":null}},{"type":"Feature","id":"way/246095545","geometry":{"type":"Polygon","coordinates":[[[28.9840185,41.0325627],[28.984179,41.0325172],[28.9841494,41.0324241],[28.9841343,41.0323793],[28.9839574,41.0324017],[28.9839678,41.0324359],[28.9840185,41.0325627]]]},"properties":{"osm_id":"way/246095545","building":"yes","name":null,"height_m":9,"height_source":"estimate","levels":3,"addr":null}},{"type":"Feature","id":"way/246095546","geometry":{"type":"Polygon","coordinates":[[[28.984337,41.0321127],[28.9843329,41.0320444],[28.9841616,41.0320501],[28.9841657,41.0321184],[28.984337,41.0321127]]]},"properties":{"osm_id":"way/246095546","building":"yes","name":null,"height_m":9,"height_source":"estimate","levels":3,"addr":null}},{"type":"Feature","id":"way/246095547","geometry":{"type":"Polygon","coordinates":[[[28.9839836,41.0318366],[28.984137,41.0317628],[28.9842033,41.0318436],[28.9840524,41.031918],[28.9839836,41.0318366]]]},"properties":{"osm_id":"way/246095547","building":"yes","name":null,"height_m":9,"height_source":"estimate","levels":3,"addr":null}},{"type":"Feature","id":"way/246095548","geometry":{"type":"Polygon","coordinates":[[[28.9835811,41.0325368],[28.9837188,41.0324922],[28.9837578,41.03259],[28.9838464,41.0325698],[28.9838581,41.0325992],[28.9836694,41.0326579],[28.9835811,41.0325368]]]},"properties":{"osm_id":"way/246095548","building":"yes","name":null,"height_m":9,"height_source":"estimate","levels":3,"addr":null}},{"type":"Feature","id":"way/246095549","geometry":{"type":"Polygon","coordinates":[[[28.9841188,41.0323344],[28.9840608,41.0319523],[28.9839688,41.0319582],[28.9838416,41.0319749],[28.983859,41.0320911],[28.9838987,41.0323534],[28.9841188,41.0323344]]]},"properties":{"osm_id":"way/246095549","building":"yes","name":null,"height_m":9,"height_source":"estimate","levels":3,"addr":null}},{"type":"Feature","id":"way/246095550","geometry":{"type":"Polygon","coordinates":[[[28.9843022,41.0317093],[28.9843208,41.0318397],[28.9842033,41.0318436],[28.984137,41.0317628],[28.9843022,41.0317093]]]},"properties":{"osm_id":"way/246095550","building":"yes","name":null,"height_m":9,"height_source":"estimate","levels":3,"addr":null}},{"type":"Feature","id":"way/246095551","geometry":{"type":"Polygon","coordinates":[[[28.9839,41.0318769],[28.9839836,41.0318366],[28.9840524,41.031918],[28.9839688,41.0319582],[28.983942,41.0319265],[28.9839,41.0318769]]]},"properties":{"osm_id":"way/246095551","building":"yes","name":null,"height_m":9,"height_source":"estimate","levels":3,"addr":null}},{"type":"Feature","id":"way/246095552","geometry":{"type":"Polygon","coordinates":[[[28.9838581,41.0325992],[28.9840185,41.0325627],[28.9839678,41.0324359],[28.9839363,41.032443],[28.9839267,41.032419],[28.9837092,41.0324684],[28.9837188,41.0324922],[28.9837578,41.03259],[28.9838464,41.0325698],[28.9838581,41.0325992]]]},"properties":{"osm_id":"way/246095552","building":"yes","name":null,"height_m":9,"height_source":"estimate","levels":3,"addr":null}},{"type":"Feature","id":"way/246095554","geometry":{"type":"Polygon","coordinates":[[[28.9843253,41.0319146],[28.9843208,41.0318397],[28.9842033,41.0318436],[28.9842077,41.0319186],[28.9843253,41.0319146]]]},"properties":{"osm_id":"way/246095554","building":"yes","name":null,"height_m":9,"height_source":"estimate","levels":3,"addr":null}},{"type":"Feature","id":"way/246095555","geometry":{"type":"Polygon","coordinates":[[[28.9835264,41.0320533],[28.9837995,41.0319252],[28.9838416,41.0319749],[28.983859,41.0320911],[28.9838003,41.0321029],[28.9835956,41.0321461],[28.9835531,41.0320891],[28.9835264,41.0320533]]]},"properties":{"osm_id":"way/246095555","building":"yes","name":null,"height_m":9,"height_source":"estimate","levels":3,"addr":null}},{"type":"Feature","id":"way/246095558","geometry":{"type":"Polygon","coordinates":[[[28.9837995,41.0319252],[28.9839,41.0318769],[28.983942,41.0319265],[28.9838416,41.0319749],[28.9837995,41.0319252]]]},"properties":{"osm_id":"way/246095558","building":"yes","name":null,"height_m":9,"height_source":"estimate","levels":3,"addr":null}},{"type":"Feature","id":"way/246095559","geometry":{"type":"Polygon","coordinates":[[[28.9843295,41.0319861],[28.9843253,41.0319146],[28.9842077,41.0319186],[28.984154,41.0319204],[28.9841582,41.0319918],[28.9843295,41.0319861]]]},"properties":{"osm_id":"way/246095559","building":"yes","name":null,"height_m":9,"height_source":"estimate","levels":3,"addr":null}},{"type":"Feature","id":"way/246223440","geometry":{"type":"Polygon","coordinates":[[[28.984012,41.0315213],[28.9841378,41.0314658],[28.984181,41.0315214],[28.9840803,41.0315658],[28.9840552,41.031577],[28.984012,41.0315213]]]},"properties":{"osm_id":"way/246223440","building":"yes","name":null,"height_m":9,"height_source":"estimate","levels":3,"addr":null}},{"type":"Feature","id":"way/246223441","geometry":{"type":"Polygon","coordinates":[[[28.9839422,41.0314313],[28.9840681,41.0313758],[28.984104,41.0314221],[28.9839782,41.0314777],[28.9839422,41.0314313]]]},"properties":{"osm_id":"way/246223441","building":"yes","name":null,"height_m":9,"height_source":"estimate","levels":3,"addr":null}},{"type":"Feature","id":"way/246223442","geometry":{"type":"Polygon","coordinates":[[[28.983902,41.0312727],[28.9839662,41.0312444],[28.9840341,41.031332],[28.9839699,41.0313603],[28.983902,41.0312727]]]},"properties":{"osm_id":"way/246223442","building":"yes","name":null,"height_m":9,"height_source":"estimate","levels":3,"addr":null}},{"type":"Feature","id":"way/246223443","geometry":{"type":"Polygon","coordinates":[[[28.9842239,41.0315767],[28.9841232,41.0316211],[28.9840991,41.0316318],[28.9841371,41.0316808],[28.9842619,41.0316257],[28.9842239,41.0315767]]]},"properties":{"osm_id":"way/246223443","building":"yes","name":null,"height_m":9,"height_source":"estimate","levels":3,"addr":null}},{"type":"Feature","id":"way/246223444","geometry":{"type":"Polygon","coordinates":[[[28.9838859,41.0313974],[28.9839699,41.0313603],[28.9840341,41.031332],[28.9840681,41.0313758],[28.9839422,41.0314313],[28.9839198,41.0314412],[28.9838859,41.0313974]]]},"properties":{"osm_id":"way/246223444","building":"yes","name":null,"height_m":9,"height_source":"estimate","levels":3,"addr":null}},{"type":"Feature","id":"way/246223445","geometry":{"type":"Polygon","coordinates":[[[28.983818,41.0313098],[28.983902,41.0312727],[28.9839699,41.0313603],[28.9838859,41.0313974],[28.983818,41.0313098]]]},"properties":{"osm_id":"way/246223445","building":"yes","name":null,"height_m":9,"height_source":"estimate","levels":3,"addr":null}},{"type":"Feature","id":"way/246223446","geometry":{"type":"Polygon","coordinates":[[[28.9837625,41.0315831],[28.9839058,41.0315199],[28.9838463,41.0314431],[28.983703,41.0315063],[28.9837625,41.0315831]]]},"properties":{"osm_id":"way/246223446","building":"yes","name":null,"height_m":9,"height_source":"estimate","levels":3,"addr":null}},{"type":"Feature","id":"way/246223447","geometry":{"type":"Polygon","coordinates":[[[28.9839111,41.0317748],[28.9840251,41.0317245],[28.9839593,41.0316397],[28.9838454,41.03169],[28.9839111,41.0317748]]]},"properties":{"osm_id":"way/246223447","building":"yes","name":null,"height_m":9,"height_source":"estimate","levels":3,"addr":null}},{"type":"Feature","id":"way/246223448","geometry":{"type":"Polygon","coordinates":[[[28.9840803,41.0315658],[28.984181,41.0315214],[28.9842239,41.0315767],[28.9841232,41.0316211],[28.9840803,41.0315658]]]},"properties":{"osm_id":"way/246223448","building":"yes","name":null,"height_m":9,"height_source":"estimate","levels":3,"addr":null}},{"type":"Feature","id":"way/246223449","geometry":{"type":"Polygon","coordinates":[[[28.9839782,41.0314777],[28.984104,41.0314221],[28.9841378,41.0314658],[28.984012,41.0315213],[28.9839782,41.0314777]]]},"properties":{"osm_id":"way/246223449","building":"yes","name":null,"height_m":9,"height_source":"estimate","levels":3,"addr":null}},{"type":"Feature","id":"way/246223450","geometry":{"type":"Polygon","coordinates":[[[28.9838293,41.0314212],[28.9838859,41.0313974],[28.983818,41.0313098],[28.9837621,41.0313345],[28.9838293,41.0314212]]]},"properties":{"osm_id":"way/246223450","building":"yes","name":null,"height_m":9,"height_source":"estimate","levels":3,"addr":null}},{"type":"Feature","id":"way/246223451","geometry":{"type":"Polygon","coordinates":[[[28.983809,41.0316431],[28.9839523,41.0315798],[28.9839058,41.0315199],[28.9837625,41.0315831],[28.983809,41.0316431]]]},"properties":{"osm_id":"way/246223451","building":"yes","name":null,"height_m":9,"height_source":"estimate","levels":3,"addr":null}},{"type":"Feature","id":"way/246223452","geometry":{"type":"Polygon","coordinates":[[[28.9839724,41.0315709],[28.9839523,41.0315798],[28.983809,41.0316431],[28.9838454,41.03169],[28.9839593,41.0316397],[28.9840088,41.0316179],[28.9839724,41.0315709]]]},"properties":{"osm_id":"way/246223452","building":"yes","name":null,"height_m":9,"height_source":"estimate","levels":3,"addr":null}},{"type":"Feature","id":"way/246223453","geometry":{"type":"Polygon","coordinates":[[[28.9836188,41.0313977],[28.9837621,41.0313345],[28.9838293,41.0314212],[28.9838463,41.0314431],[28.983703,41.0315063],[28.9836188,41.0313977]]]},"properties":{"osm_id":"way/246223453","building":"yes","name":null,"height_m":9,"height_source":"estimate","levels":3,"addr":null}},{"type":"Feature","id":"way/246223454","geometry":{"type":"Polygon","coordinates":[[[28.9839593,41.0316397],[28.9840088,41.0316179],[28.9840745,41.0317027],[28.9840251,41.0317245],[28.9839593,41.0316397]]]},"properties":{"osm_id":"way/246223454","building":"yes","name":null,"height_m":9,"height_source":"estimate","levels":3,"addr":null}},{"type":"Feature","id":"way/246320540","geometry":{"type":"Polygon","coordinates":[[[28.9832296,41.0316957],[28.9833037,41.0316687],[28.9832357,41.0315747],[28.9831635,41.0316045],[28.9831987,41.0316531],[28.9832296,41.0316957]]]},"properties":{"osm_id":"way/246320540","building":"yes","name":null,"height_m":9,"height_source":"estimate","levels":3,"addr":null}},{"type":"Feature","id":"way/246320541","geometry":{"type":"Polygon","coordinates":[[[28.9830626,41.0317645],[28.9832296,41.0316957],[28.9831987,41.0316531],[28.9830318,41.0317218],[28.9830626,41.0317645]]]},"properties":{"osm_id":"way/246320541","building":"yes","name":null,"height_m":12,"height_source":"tag:levels","levels":4,"addr":{"housenumber":"97"}}},{"type":"Feature","id":"way/246320542","geometry":{"type":"Polygon","coordinates":[[[28.9833012,41.0317947],[28.9831343,41.0318635],[28.9832104,41.0319686],[28.9833773,41.0318999],[28.9833012,41.0317947]]]},"properties":{"osm_id":"way/246320542","building":"yes","name":null,"height_m":21,"height_source":"tag:levels","levels":7,"addr":null}},{"type":"Feature","id":"way/246320543","geometry":{"type":"Polygon","coordinates":[[[28.983547,41.03164],[28.9835743,41.0316287],[28.9836562,41.031595],[28.9837119,41.031672],[28.9836027,41.0317169],[28.983547,41.03164]]]},"properties":{"osm_id":"way/246320543","building":"yes","name":null,"height_m":9,"height_source":"estimate","levels":3,"addr":null}},{"type":"Feature","id":"way/246320544","geometry":{"type":"Polygon","coordinates":[[[28.9835485,41.0319423],[28.9835102,41.0318894],[28.983402,41.031934],[28.9834403,41.0319869],[28.9835485,41.0319423]]]},"properties":{"osm_id":"way/246320544","building":"yes","name":null,"height_m":9,"height_source":"estimate","levels":3,"addr":null}},{"type":"Feature","id":"way/246320545","geometry":{"type":"Polygon","coordinates":[[[28.9837561,41.031733],[28.9838251,41.0318284],[28.9836647,41.0318944],[28.9835957,41.0317991],[28.9836171,41.0317903],[28.9837561,41.031733]]]},"properties":{"osm_id":"way/246320545","building":"yes","name":null,"height_m":9,"height_source":"estimate","levels":3,"addr":null}},{"type":"Feature","id":"way/246320546","geometry":{"type":"Polygon","coordinates":[[[28.9834987,41.0315478],[28.9835937,41.0315087],[28.9836048,41.0315041],[28.9835505,41.0314291],[28.9834444,41.0314728],[28.9834533,41.0314851],[28.9834987,41.0315478]]]},"properties":{"osm_id":"way/246320546","building":"yes","name":null,"height_m":9,"height_source":"estimate","levels":3,"addr":null}},{"type":"Feature","id":"way/246320547","geometry":{"type":"Polygon","coordinates":[[[28.9831343,41.0318635],[28.9833012,41.0317947],[28.9832296,41.0316957],[28.9830626,41.0317645],[28.9831343,41.0318635]]]},"properties":{"osm_id":"way/246320547","building":"yes","name":null,"height_m":12,"height_source":"tag:levels","levels":4,"addr":{"housenumber":"95"}}},{"type":"Feature","id":"way/246320548","geometry":{"type":"Polygon","coordinates":[[[28.9832357,41.0315747],[28.9833869,41.0315124],[28.9834549,41.0316064],[28.9833037,41.0316687],[28.9832357,41.0315747]]]},"properties":{"osm_id":"way/246320548","building":"yes","name":null,"height_m":9,"height_source":"estimate","levels":3,"addr":null}},{"type":"Feature","id":"way/246320549","geometry":{"type":"Polygon","coordinates":[[[28.9831635,41.0316045],[28.9831987,41.0316531],[28.9830318,41.0317218],[28.9830153,41.0317286],[28.9829801,41.03168],[28.9831635,41.0316045]]]},"properties":{"osm_id":"way/246320549","building":"yes","name":null,"height_m":15,"height_source":"tag:levels","levels":5,"addr":null}},{"type":"Feature","id":"way/246320550","geometry":{"type":"Polygon","coordinates":[[[28.9832734,41.0320556],[28.9834403,41.0319869],[28.983402,41.031934],[28.9833773,41.0318999],[28.9832104,41.0319686],[28.9832734,41.0320556]]]},"properties":{"osm_id":"way/246320550","building":"yes","name":null,"height_m":21,"height_source":"tag:levels","levels":7,"addr":null}},{"type":"Feature","id":"way/246320551","geometry":{"type":"Polygon","coordinates":[[[28.9836647,41.0318944],[28.9835957,41.0317991],[28.9834795,41.031847],[28.9835102,41.0318894],[28.9835485,41.0319423],[28.9836647,41.0318944]]]},"properties":{"osm_id":"way/246320551","building":"yes","name":null,"height_m":9,"height_source":"estimate","levels":3,"addr":null}},{"type":"Feature","id":"way/246320552","geometry":{"type":"Polygon","coordinates":[[[28.9835729,41.0317292],[28.9836027,41.0317169],[28.9837119,41.031672],[28.9837561,41.031733],[28.9836171,41.0317903],[28.9835729,41.0317292]]]},"properties":{"osm_id":"way/246320552","building":"yes","name":null,"height_m":9,"height_source":"estimate","levels":3,"addr":null}},{"type":"Feature","id":"way/246320553","geometry":{"type":"Polygon","coordinates":[[[28.9833869,41.0315124],[28.9834549,41.0316064],[28.9834644,41.0316194],[28.9835439,41.0315867],[28.9835743,41.0316287],[28.9836562,41.031595],[28.9835937,41.0315087],[28.9834987,41.0315478],[28.9834533,41.0314851],[28.9833869,41.0315124]]]},"properties":{"osm_id":"way/246320553","building":"yes","name":null,"height_m":9,"height_source":"estimate","levels":3,"addr":null}},{"type":"Feature","id":"way/246328281","geometry":{"type":"Polygon","coordinates":[[[28.9827876,41.0313531],[28.9829267,41.0312943],[28.9829609,41.0312798],[28.9829966,41.0313278],[28.9829496,41.0313477],[28.9828233,41.0314011],[28.9827876,41.0313531]]]},"properties":{"osm_id":"way/246328281","building":"yes","name":null,"height_m":9,"height_source":"estimate","levels":3,"addr":null}},{"type":"Feature","id":"way/246328282","geometry":{"type":"Polygon","coordinates":[[[28.9833535,41.0312608],[28.9833492,41.0312627],[28.9832854,41.0312897],[28.9832133,41.0313202],[28.9831712,41.0312636],[28.9833114,41.0312042],[28.9833535,41.0312608]]]},"properties":{"osm_id":"way/246328282","building":"yes","name":null,"height_m":9,"height_source":"estimate","levels":3,"addr":null}},{"type":"Feature","id":"way/246328283","geometry":{"type":"Polygon","coordinates":[[[28.9834416,41.0313869],[28.983404,41.0313364],[28.9833402,41.0313634],[28.9833778,41.0314139],[28.9834416,41.0313869]]]},"properties":{"osm_id":"way/246328283","building":"yes","name":null,"height_m":9,"height_source":"estimate","levels":3,"addr":null}},{"type":"Feature","id":"way/246328284","geometry":{"type":"Polygon","coordinates":[[[28.9829462,41.0316088],[28.9831464,41.031524],[28.9831222,41.0314915],[28.9829461,41.031566],[28.982922,41.0315762],[28.9829462,41.0316088]]]},"properties":{"osm_id":"way/246328284","building":"yes","name":null,"height_m":18,"height_source":"tag:levels","levels":6,"addr":null}},{"type":"Feature","id":"way/246328285","geometry":{"type":"Polygon","coordinates":[[[28.9828565,41.0314457],[28.9829827,41.0313922],[28.9830577,41.0313605],[28.9830903,41.0314043],[28.9831028,41.0314211],[28.9829016,41.0315063],[28.9828565,41.0314457]]]},"properties":{"osm_id":"way/246328285","building":"yes","name":null,"height_m":18,"height_source":"tag:levels","levels":6,"addr":null}},{"type":"Feature","id":"way/246328286","geometry":{"type":"Polygon","coordinates":[[[28.9833785,41.031302],[28.9833492,41.0312627],[28.9832854,41.0312897],[28.9833035,41.0313141],[28.9833146,41.0313291],[28.9833785,41.031302]]]},"properties":{"osm_id":"way/246328286","building":"yes","name":null,"height_m":9,"height_source":"estimate","levels":3,"addr":null}},{"type":"Feature","id":"way/246328287","geometry":{"type":"Polygon","coordinates":[[[28.9830903,41.0314043],[28.9831028,41.0314211],[28.9831472,41.0314809],[28.9831646,41.0315042],[28.9833778,41.0314139],[28.9833402,41.0313634],[28.9833146,41.0313291],[28.9833035,41.0313141],[28.9830903,41.0314043]]]},"properties":{"osm_id":"way/246328287","building":"yes","name":null,"height_m":9,"height_source":"estimate","levels":3,"addr":null}},{"type":"Feature","id":"way/246328288","geometry":{"type":"Polygon","coordinates":[[[28.9828456,41.0310775],[28.9829821,41.0311778],[28.9828888,41.0312434],[28.9828735,41.0312229],[28.9827736,41.0311347],[28.9828456,41.0310775]]]},"properties":{"osm_id":"way/246328288","building":"yes","name":null,"height_m":9,"height_source":"estimate","levels":3,"addr":null}},{"type":"Feature","id":"way/246328289","geometry":{"type":"Polygon","coordinates":[[[28.9830839,41.030899],[28.9831156,41.0309355],[28.9830596,41.0309809],[28.9830196,41.0309435],[28.9830839,41.030899]]]},"properties":{"osm_id":"way/246328289","building":"yes","name":null,"height_m":9,"height_source":"estimate","levels":3,"addr":null}},{"type":"Feature","id":"way/246328290","geometry":{"type":"Polygon","coordinates":[[[28.9829016,41.0315063],[28.9831028,41.0314211],[28.9831472,41.0314809],[28.9831222,41.0314915],[28.9829461,41.031566],[28.9829016,41.0315063]]]},"properties":{"osm_id":"way/246328290","building":"yes","name":null,"height_m":18,"height_source":"tag:levels","levels":6,"addr":{"housenumber":"103"}}},{"type":"Feature","id":"way/246328291","geometry":{"type":"Polygon","coordinates":[[[28.9832686,41.0311174],[28.9832472,41.0311272],[28.9831442,41.0311741],[28.9831161,41.031139],[28.9832405,41.0310824],[28.9832686,41.0311174]]]},"properties":{"osm_id":"way/246328291","building":"yes","name":null,"height_m":9,"height_source":"estimate","levels":3,"addr":null}},{"type":"Feature","id":"way/246328292","geometry":{"type":"Polygon","coordinates":[[[28.9828233,41.0314011],[28.9829496,41.0313477],[28.9829827,41.0313922],[28.9828565,41.0314457],[28.9828233,41.0314011]]]},"properties":{"osm_id":"way/246328292","building":"yes","name":null,"height_m":9,"height_source":"estimate","levels":3,"addr":null}},{"type":"Feature","id":"way/246328293","geometry":{"type":"Polygon","coordinates":[[[28.9827345,41.0312817],[28.9828735,41.0312229],[28.9828888,41.0312434],[28.9829267,41.0312943],[28.9827876,41.0313531],[28.9827345,41.0312817]]]},"properties":{"osm_id":"way/246328293","building":"yes","name":null,"height_m":9,"height_source":"estimate","levels":3,"addr":null}},{"type":"Feature","id":"way/246328294","geometry":{"type":"Polygon","coordinates":[[[28.9829795,41.0309864],[28.9830401,41.0310369],[28.9829902,41.0310873],[28.982917,41.031029],[28.9829795,41.0309864]]]},"properties":{"osm_id":"way/246328294","building":"yes","name":null,"height_m":9,"height_source":"estimate","levels":3,"addr":null}},{"type":"Feature","id":"way/246328295","geometry":{"type":"Polygon","coordinates":[[[28.9831523,41.0309812],[28.9831156,41.0309355],[28.9830596,41.0309809],[28.9830912,41.0310116],[28.9831523,41.0309812]]]},"properties":{"osm_id":"way/246328295","building":"yes","name":null,"height_m":9,"height_source":"estimate","levels":3,"addr":null}},{"type":"Feature","id":"way/246328296","geometry":{"type":"Polygon","coordinates":[[[28.9832405,41.0310824],[28.9831161,41.031139],[28.9830807,41.0311593],[28.9830399,41.0311268],[28.9830908,41.031095],[28.983203,41.0310392],[28.9832405,41.0310824]]]},"properties":{"osm_id":"way/246328296","building":"yes","name":null,"height_m":9,"height_source":"estimate","levels":3,"addr":null}},{"type":"Feature","id":"way/246328297","geometry":{"type":"Polygon","coordinates":[[[28.9832898,41.0311804],[28.9832472,41.0311272],[28.9831442,41.0311741],[28.9831868,41.0312273],[28.9832898,41.0311804]]]},"properties":{"osm_id":"way/246328297","building":"yes","name":null,"height_m":9,"height_source":"estimate","levels":3,"addr":null}},{"type":"Feature","id":"way/246328298","geometry":{"type":"Polygon","coordinates":[[[28.983404,41.0313364],[28.9833402,41.0313634],[28.9833146,41.0313291],[28.9833785,41.031302],[28.983404,41.0313364]]]},"properties":{"osm_id":"way/246328298","building":"yes","name":null,"height_m":9,"height_source":"estimate","levels":3,"addr":null}},{"type":"Feature","id":"way/246328301","geometry":{"type":"Polygon","coordinates":[[[28.982917,41.031029],[28.9829902,41.0310873],[28.9830399,41.0311268],[28.9830807,41.0311593],[28.9830931,41.0311692],[28.9830252,41.0312054],[28.9829821,41.0311778],[28.9828456,41.0310775],[28.982917,41.031029]]]},"properties":{"osm_id":"way/246328301","building":"yes","name":null,"height_m":9,"height_source":"estimate","levels":3,"addr":null}},{"type":"Feature","id":"way/246328302","geometry":{"type":"Polygon","coordinates":[[[28.9830196,41.0309435],[28.9830596,41.0309809],[28.9830912,41.0310116],[28.9830401,41.0310369],[28.9829795,41.0309864],[28.9830196,41.0309435]]]},"properties":{"osm_id":"way/246328302","building":"yes","name":null,"height_m":9,"height_source":"estimate","levels":3,"addr":null}},{"type":"Feature","id":"way/246328303","geometry":{"type":"Polygon","coordinates":[[[28.983203,41.0310392],[28.9830908,41.031095],[28.9830401,41.0310369],[28.9830912,41.0310116],[28.9831523,41.0309812],[28.983203,41.0310392]]]},"properties":{"osm_id":"way/246328303","building":"yes","name":null,"height_m":9,"height_source":"estimate","levels":3,"addr":null}},{"type":"Feature","id":"way/246365564","geometry":{"type":"Polygon","coordinates":[[[28.9855543,41.0314344],[28.9855165,41.031432],[28.9855189,41.0314158],[28.9855401,41.0313786],[28.9855753,41.0313914],[28.9856104,41.0314042],[28.9856002,41.0314201],[28.9855543,41.0314344]]]},"properties":{"osm_id":"way/246365564","building":"yes","name":"Kith&Kin","height_m":9,"height_source":"estimate","levels":3,"addr":{"city":"İstanbul","district":"Beyoğlu","housenumber":"6","neighbourhood":"cihangir","postcode":"34433","street":"Lenger sokak"}}},{"type":"Feature","id":"way/246368934","geometry":{"type":"Polygon","coordinates":[[[28.9833368,41.0307143],[28.9834472,41.0307933],[28.9833788,41.030833],[28.9832675,41.0307583],[28.9833368,41.0307143]]]},"properties":{"osm_id":"way/246368934","building":"yes","name":null,"height_m":9,"height_source":"estimate","levels":3,"addr":null}},{"type":"Feature","id":"way/246368935","geometry":{"type":"Polygon","coordinates":[[[28.9836588,41.0310392],[28.9837464,41.0310012],[28.9836755,41.030908],[28.9835878,41.030946],[28.9836588,41.0310392]]]},"properties":{"osm_id":"way/246368935","building":"yes","name":null,"height_m":9,"height_source":"estimate","levels":3,"addr":null}},{"type":"Feature","id":"way/246368936","geometry":{"type":"Polygon","coordinates":[[[28.9834377,41.0311918],[28.983569,41.0311328],[28.9836003,41.0311187],[28.9836405,41.0311695],[28.9834779,41.0312426],[28.9834377,41.0311918]]]},"properties":{"osm_id":"way/246368936","building":"yes","name":null,"height_m":9,"height_source":"estimate","levels":3,"addr":null}},{"type":"Feature","id":"way/246368937","geometry":{"type":"Polygon","coordinates":[[[28.9834368,41.030637],[28.9835614,41.030761],[28.9835685,41.0307674],[28.9834834,41.0307914],[28.9834443,41.0307485],[28.9834236,41.0307553],[28.9833566,41.0307024],[28.9834368,41.030637]]]},"properties":{"osm_id":"way/246368937","building":"yes","name":null,"height_m":9,"height_source":"estimate","levels":3,"addr":null}},{"type":"Feature","id":"way/246368938","geometry":{"type":"Polygon","coordinates":[[[28.9836146,41.0308279],[28.9835116,41.0308725],[28.9834935,41.0308804],[28.9834474,41.0308198],[28.9835685,41.0307674],[28.9836146,41.0308279]]]},"properties":{"osm_id":"way/246368938","building":"yes","name":null,"height_m":9,"height_source":"estimate","levels":3,"addr":null}},{"type":"Feature","id":"way/246368939","geometry":{"type":"Polygon","coordinates":[[[28.9837803,41.0310458],[28.9837048,41.0310785],[28.9836719,41.0310927],[28.983638,41.0310482],[28.9836588,41.0310392],[28.9837464,41.0310012],[28.9837803,41.0310458]]]},"properties":{"osm_id":"way/246368939","building":"yes","name":null,"height_m":9,"height_source":"estimate","levels":3,"addr":null}},{"type":"Feature","id":"way/246368940","geometry":{"type":"Polygon","coordinates":[[[28.9834008,41.0311452],[28.9835321,41.0310861],[28.983569,41.0311328],[28.9834377,41.0311918],[28.9834008,41.0311452]]]},"properties":{"osm_id":"way/246368940","building":"yes","name":null,"height_m":9,"height_source":"estimate","levels":3,"addr":null}},{"type":"Feature","id":"way/246368941","geometry":{"type":"Polygon","coordinates":[[[28.9832709,41.0309808],[28.9833571,41.0309421],[28.9833841,41.0309761],[28.9834478,41.0309475],[28.9835063,41.0310215],[28.9833564,41.0310889],[28.9832709,41.0309808]]]},"properties":{"osm_id":"way/246368941","building":"yes","name":null,"height_m":9,"height_source":"estimate","levels":3,"addr":null}},{"type":"Feature","id":"way/246368942","geometry":{"type":"Polygon","coordinates":[[[28.9838472,41.0311336],[28.9837803,41.0310458],[28.9837048,41.0310785],[28.9837717,41.0311663],[28.9838472,41.0311336]]]},"properties":{"osm_id":"way/246368942","building":"yes","name":null,"height_m":9,"height_source":"estimate","levels":3,"addr":null}},{"type":"Feature","id":"way/246368943","geometry":{"type":"Polygon","coordinates":[[[28.9831563,41.0308355],[28.9832675,41.0307583],[28.9833788,41.030833],[28.9834389,41.0308732],[28.9832529,41.0309631],[28.9831563,41.0308355]]]},"properties":{"osm_id":"way/246368943","building":"yes","name":null,"height_m":9,"height_source":"estimate","levels":3,"addr":null}},{"type":"Feature","id":"way/246368944","geometry":{"type":"Polygon","coordinates":[[[28.9835725,41.0309526],[28.9835878,41.030946],[28.9836755,41.030908],[28.9836146,41.0308279],[28.9835116,41.0308725],[28.9835725,41.0309526]]]},"properties":{"osm_id":"way/246368944","building":"yes","name":null,"height_m":9,"height_source":"estimate","levels":3,"addr":null}},{"type":"Feature","id":"way/246368945","geometry":{"type":"Polygon","coordinates":[[[28.9838164,41.031225],[28.9838919,41.0311923],[28.9838472,41.0311336],[28.9837717,41.0311663],[28.9838164,41.031225]]]},"properties":{"osm_id":"way/246368945","building":"yes","name":null,"height_m":9,"height_source":"estimate","levels":3,"addr":null}},{"type":"Feature","id":"way/246368946","geometry":{"type":"Polygon","coordinates":[[[28.9835498,41.0313336],[28.9837451,41.0312457],[28.9836732,41.0311548],[28.9836405,41.0311695],[28.9834779,41.0312426],[28.9835498,41.0313336]]]},"properties":{"osm_id":"way/246368946","building":"yes","name":null,"height_m":9,"height_source":"estimate","levels":3,"addr":null}},{"type":"Feature","id":"way/246368947","geometry":{"type":"Polygon","coordinates":[[[28.9833564,41.0310889],[28.9835063,41.0310215],[28.9835508,41.0310777],[28.9835321,41.0310861],[28.9834008,41.0311452],[28.9833564,41.0310889]]]},"properties":{"osm_id":"way/246368947","building":"yes","name":"Gülay Apt.","height_m":12,"height_source":"tag:levels","levels":4,"addr":null}},{"type":"Feature","id":"way/246370065","geometry":{"type":"Polygon","coordinates":[[[28.9837062,41.0304207],[28.9836098,41.0304893],[28.9837387,41.0305925],[28.9837863,41.0306306],[28.9838609,41.0305793],[28.9837954,41.0305263],[28.9838194,41.0305112],[28.9838094,41.0305032],[28.9837062,41.0304207]]]},"properties":{"osm_id":"way/246370065","building":"yes","name":null,"height_m":9,"height_source":"estimate","levels":3,"addr":null}},{"type":"Feature","id":"way/246370066","geometry":{"type":"Polygon","coordinates":[[[28.9841477,41.0304215],[28.9842339,41.0305178],[28.9840129,41.030624],[28.9839389,41.0305364],[28.9841477,41.0304215]]]},"properties":{"osm_id":"way/246370066","building":"yes","name":null,"height_m":9,"height_source":"estimate","levels":3,"addr":null}},{"type":"Feature","id":"way/246370069","geometry":{"type":"Polygon","coordinates":[[[28.9837305,41.0306081],[28.9837938,41.0306848],[28.9837633,41.0306992],[28.9836628,41.0307464],[28.9835995,41.0306696],[28.9837305,41.0306081]]]},"properties":{"osm_id":"way/246370069","building":"yes","name":null,"height_m":9,"height_source":"estimate","levels":3,"addr":null}},{"type":"Feature","id":"way/246371207","geometry":{"type":"Polygon","coordinates":[[[28.983752,41.0308545],[28.9839013,41.0307845],[28.9839482,41.0308414],[28.983799,41.0309114],[28.983752,41.0308545]]]},"properties":{"osm_id":"way/246371207","building":"yes","name":null,"height_m":9,"height_source":"estimate","levels":3,"addr":null}},{"type":"Feature","id":"way/246371208","geometry":{"type":"Polygon","coordinates":[[[28.984545,41.0308731],[28.9844375,41.0307427],[28.9843055,41.0308047],[28.9843338,41.030839],[28.9844131,41.030935],[28.984545,41.0308731]]]},"properties":{"osm_id":"way/246371208","building":"yes","name":null,"height_m":9,"height_source":"estimate","levels":3,"addr":null}},{"type":"Feature","id":"way/246371209","geometry":{"type":"Polygon","coordinates":[[[28.9838743,41.0310027],[28.9840413,41.0309242],[28.9840527,41.0309189],[28.9841038,41.0309809],[28.9839254,41.0310646],[28.9838743,41.0310027]]]},"properties":{"osm_id":"way/246371209","building":"yes","name":null,"height_m":9,"height_source":"estimate","levels":3,"addr":null}},{"type":"Feature","id":"way/246371210","geometry":{"type":"Polygon","coordinates":[[[28.9841263,41.0306202],[28.9842777,41.0305491],[28.9843208,41.0306014],[28.9841694,41.0306725],[28.9841263,41.0306202]]]},"properties":{"osm_id":"way/246371210","building":"yes","name":null,"height_m":9,"height_source":"estimate","levels":3,"addr":null}},{"type":"Feature","id":"way/246371211","geometry":{"type":"Polygon","coordinates":[[[28.9837168,41.0308118],[28.9838172,41.0307646],[28.983866,41.0307417],[28.9839013,41.0307845],[28.983752,41.0308545],[28.9837168,41.0308118]]]},"properties":{"osm_id":"way/246371211","building":"yes","name":null,"height_m":9,"height_source":"estimate","levels":3,"addr":null}},{"type":"Feature","id":"way/246371212","geometry":{"type":"Polygon","coordinates":[[[28.9843088,41.030984],[28.9844131,41.030935],[28.9843338,41.030839],[28.9842295,41.030888],[28.9843088,41.030984]]]},"properties":{"osm_id":"way/246371212","building":"yes","name":null,"height_m":9,"height_source":"estimate","levels":3,"addr":null}},{"type":"Feature","id":"way/246371213","geometry":{"type":"Polygon","coordinates":[[[28.9838421,41.0309636],[28.9839913,41.0308935],[28.9840091,41.0308852],[28.9840413,41.0309242],[28.9838743,41.0310027],[28.9838421,41.0309636]]]},"properties":{"osm_id":"way/246371213","building":"yes","name":null,"height_m":9,"height_source":"estimate","levels":3,"addr":null}},{"type":"Feature","id":"way/246371214","geometry":{"type":"Polygon","coordinates":[[[28.9838172,41.0307646],[28.9837168,41.0308118],[28.9836628,41.0307464],[28.9837633,41.0306992],[28.9838172,41.0307646]]]},"properties":{"osm_id":"way/246371214","building":"yes","name":null,"height_m":9,"height_source":"estimate","levels":3,"addr":null}},{"type":"Feature","id":"way/246371215","geometry":{"type":"Polygon","coordinates":[[[28.9842481,41.0307679],[28.9842676,41.0307587],[28.9843996,41.0306968],[28.9843208,41.0306014],[28.9841694,41.0306725],[28.9842481,41.0307679]]]},"properties":{"osm_id":"way/246371215","building":"yes","name":null,"height_m":9,"height_source":"estimate","levels":3,"addr":null}},{"type":"Feature","id":"way/246371216","geometry":{"type":"Polygon","coordinates":[[[28.983799,41.0309114],[28.9839482,41.0308414],[28.9839913,41.0308935],[28.9838421,41.0309636],[28.983799,41.0309114]]]},"properties":{"osm_id":"way/246371216","building":"yes","name":null,"height_m":9,"height_source":"estimate","levels":3,"addr":null}},{"type":"Feature","id":"way/246371217","geometry":{"type":"Polygon","coordinates":[[[28.9839845,41.0311363],[28.9842093,41.0310307],[28.9841502,41.0309591],[28.9841038,41.0309809],[28.9839254,41.0310646],[28.9839845,41.0311363]]]},"properties":{"osm_id":"way/246371217","building":"yes","name":null,"height_m":9,"height_source":"estimate","levels":3,"addr":null}},{"type":"Feature","id":"way/246371218","geometry":{"type":"Polygon","coordinates":[[[28.9842093,41.0310307],[28.9843088,41.030984],[28.9842295,41.030888],[28.9842042,41.0308573],[28.9841048,41.030904],[28.9841502,41.0309591],[28.9842093,41.0310307]]]},"properties":{"osm_id":"way/246371218","building":"yes","name":null,"height_m":9,"height_source":"estimate","levels":3,"addr":null}},{"type":"Feature","id":"way/246371219","geometry":{"type":"Polygon","coordinates":[[[28.9843055,41.0308047],[28.9844375,41.0307427],[28.9843996,41.0306968],[28.9842676,41.0307587],[28.9843055,41.0308047]]]},"properties":{"osm_id":"way/246371219","building":"yes","name":null,"height_m":9,"height_source":"estimate","levels":3,"addr":null}},{"type":"Feature","id":"way/246371526","geometry":{"type":"Polygon","coordinates":[[[28.9846549,41.0308238],[28.9847244,41.0307933],[28.9846832,41.0307399],[28.9846629,41.0307135],[28.9845933,41.030744],[28.9846549,41.0308238]]]},"properties":{"osm_id":"way/246371526","building":"yes","name":null,"height_m":9,"height_source":"estimate","levels":3,"addr":null}},{"type":"Feature","id":"way/246371527","geometry":{"type":"Polygon","coordinates":[[[28.9847926,41.0307634],[28.9847514,41.03071],[28.9846832,41.0307399],[28.9847244,41.0307933],[28.9847926,41.0307634]]]},"properties":{"osm_id":"way/246371527","building":"yes","name":null,"height_m":9,"height_source":"estimate","levels":3,"addr":null}},{"type":"Feature","id":"way/246371528","geometry":{"type":"Polygon","coordinates":[[[28.984739,41.0305953],[28.9846319,41.0305672],[28.9845724,41.0306299],[28.9845761,41.0306963],[28.9846191,41.0307157],[28.9847004,41.0306908],[28.984739,41.0305953]]]},"properties":{"osm_id":"way/246371528","building":"apartments","name":null,"height_m":9,"height_source":"estimate","levels":3,"addr":null}},{"type":"Feature","id":"way/246371529","geometry":{"type":"Polygon","coordinates":[[[28.9850275,41.0306492],[28.9847926,41.0307634],[28.9847514,41.03071],[28.9847638,41.0307032],[28.9849526,41.0306171],[28.9850275,41.0306492]]]},"properties":{"osm_id":"way/246371529","building":"yes","name":null,"height_m":9,"height_source":"estimate","levels":3,"addr":null}},{"type":"Feature","id":"way/246371530","geometry":{"type":"Polygon","coordinates":[[[28.9844468,41.0305794],[28.9844814,41.0305419],[28.9846319,41.0305672],[28.9845724,41.0306299],[28.9845379,41.0306663],[28.9844468,41.0305794]]]},"properties":{"osm_id":"way/246371530","building":"yes","name":null,"height_m":9,"height_source":"estimate","levels":3,"addr":null}},{"type":"Feature","id":"way/246371531","geometry":{"type":"Polygon","coordinates":[[[28.9849526,41.0306171],[28.9847638,41.0307032],[28.9847004,41.0306908],[28.984739,41.0305953],[28.9849526,41.0306171]]]},"properties":{"osm_id":"way/246371531","building":"apartments","name":null,"height_m":9,"height_source":"estimate","levels":3,"addr":null}},{"type":"Feature","id":"way/246683227","geometry":{"type":"Polygon","coordinates":[[[28.9829019,41.0308453],[28.9829582,41.0308129],[28.9827999,41.0306895],[28.9827463,41.0307279],[28.9829019,41.0308453]]]},"properties":{"osm_id":"way/246683227","building":"yes","name":null,"height_m":9,"height_source":"estimate","levels":3,"addr":null}},{"type":"Feature","id":"way/246683228","geometry":{"type":"Polygon","coordinates":[[[28.9829984,41.0307886],[28.9831143,41.0306954],[28.9829773,41.0305882],[28.9829475,41.030564],[28.9828241,41.0306571],[28.9829984,41.0307886]]]},"properties":{"osm_id":"way/246683228","building":"yes","name":null,"height_m":9,"height_source":"estimate","levels":3,"addr":null}},{"type":"Feature","id":"way/246683229","geometry":{"type":"Polygon","coordinates":[[[28.9831143,41.0306954],[28.9832485,41.0305978],[28.9831115,41.0304906],[28.9829773,41.0305882],[28.9831143,41.0306954]]]},"properties":{"osm_id":"way/246683229","building":"yes","name":null,"height_m":9,"height_source":"estimate","levels":3,"addr":null}},{"type":"Feature","id":"way/246684631","geometry":{"type":"Polygon","coordinates":[[[28.9828911,41.0326582],[28.9828321,41.0326905],[28.9828831,41.0327775],[28.9829502,41.032735],[28.9828911,41.0326582]]]},"properties":{"osm_id":"way/246684631","building":"yes","name":null,"height_m":9,"height_source":"estimate","levels":3,"addr":null}},{"type":"Feature","id":"way/246684632","geometry":{"type":"Polygon","coordinates":[[[28.9829888,41.0327076],[28.9830478,41.0326652],[28.9829218,41.0325215],[28.9828386,41.0325559],[28.9829888,41.0327076]]]},"properties":{"osm_id":"way/246684632","building":"yes","name":null,"height_m":9,"height_source":"estimate","levels":3,"addr":null}},{"type":"Feature","id":"way/246684633","geometry":{"type":"Polygon","coordinates":[[[28.9830478,41.0326652],[28.9831256,41.0326166],[28.9830076,41.0324851],[28.9829218,41.0325215],[28.9830478,41.0326652]]]},"properties":{"osm_id":"way/246684633","building":"yes","name":null,"height_m":9,"height_source":"estimate","levels":3,"addr":null}},{"type":"Feature","id":"way/246684634","geometry":{"type":"Polygon","coordinates":[[[28.9831716,41.0325876],[28.9831018,41.0325168],[28.9831225,41.03251],[28.9832198,41.0324783],[28.9832708,41.0325248],[28.9831716,41.0325876]]]},"properties":{"osm_id":"way/246684634","building":"yes","name":null,"height_m":15,"height_source":"tag:levels","levels":5,"addr":{"housenumber":"3","street":"Liva Sokağı"}}},{"type":"Feature","id":"way/246684635","geometry":{"type":"Polygon","coordinates":[[[28.9832708,41.0325248],[28.9833459,41.0324722],[28.9833137,41.0324378],[28.9832198,41.0324783],[28.9832708,41.0325248]]]},"properties":{"osm_id":"way/246684635","building":"yes","name":null,"height_m":18,"height_source":"tag:levels","levels":6,"addr":{"housenumber":"1","street":"Liva Sokağı"}}},{"type":"Feature","id":"way/246684636","geometry":{"type":"Polygon","coordinates":[[[28.9831225,41.03251],[28.9830187,41.0324115],[28.983218,41.0323381],[28.983244,41.0323286],[28.9833137,41.0324378],[28.9831225,41.03251]]]},"properties":{"osm_id":"way/246684636","building":"yes","name":null,"height_m":18,"height_source":"tag:levels","levels":6,"addr":{"housenumber":"56"}}},{"type":"Feature","id":"way/246684637","geometry":{"type":"Polygon","coordinates":[[[28.983218,41.0323381],[28.983193,41.0323023],[28.9830968,41.0323288],[28.982965,41.032365],[28.9829892,41.0324136],[28.9830187,41.0324115],[28.983218,41.0323381]]]},"properties":{"osm_id":"way/246684637","building":"yes","name":null,"height_m":12,"height_source":"tag:levels","levels":4,"addr":{"housenumber":"60"}}},{"type":"Feature","id":"way/246684639","geometry":{"type":"Polygon","coordinates":[[[28.9829475,41.0323789],[28.9830199,41.0324639],[28.9828965,41.0325125],[28.9828134,41.0324093],[28.9829475,41.0323789]]]},"properties":{"osm_id":"way/246684639","building":"yes","name":null,"height_m":9,"height_source":"estimate","levels":3,"addr":null}},{"type":"Feature","id":"way/246684640","geometry":{"type":"Polygon","coordinates":[[[28.9831581,41.0322497],[28.9831313,41.0321647],[28.9830401,41.0321971],[28.9830965,41.0322802],[28.9831581,41.0322497]]]},"properties":{"osm_id":"way/246684640","building":"yes","name":null,"height_m":21,"height_source":"tag:levels","levels":7,"addr":{"housenumber":"62"}}},{"type":"Feature","id":"way/246684641","geometry":{"type":"Polygon","coordinates":[[[28.983024,41.0323266],[28.9829921,41.032286],[28.9829382,41.0322173],[28.9830401,41.0321971],[28.9830965,41.0322802],[28.9830723,41.0322922],[28.9830847,41.0323107],[28.983024,41.0323266]]]},"properties":{"osm_id":"way/246684641","building":"yes","name":null,"height_m":9,"height_source":"estimate","levels":3,"addr":null}},{"type":"Feature","id":"way/246684642","geometry":{"type":"Polygon","coordinates":[[[28.9831008,41.0321223],[28.9830499,41.0320555],[28.9830337,41.0320615],[28.9828867,41.0321078],[28.9828008,41.0321348],[28.9827548,41.0321547],[28.9827763,41.0322134],[28.9831008,41.0321223]]]},"properties":{"osm_id":"way/246684642","building":"yes","name":null,"height_m":21,"height_source":"tag:levels","levels":7,"addr":{"housenumber":"68"}}},{"type":"Feature","id":"way/246684643","geometry":{"type":"Polygon","coordinates":[[[28.9828819,41.032365],[28.9828282,41.0322477],[28.9829382,41.0322173],[28.9829921,41.032286],[28.9829892,41.0323407],[28.9828819,41.032365]]]},"properties":{"osm_id":"way/246684643","building":"yes","name":null,"height_m":9,"height_source":"estimate","levels":3,"addr":null}},{"type":"Feature","id":"way/246684663","geometry":{"type":"Polygon","coordinates":[[[28.9828729,41.0317945],[28.982956,41.031918],[28.9827441,41.0320009],[28.9826797,41.0318775],[28.9828729,41.0317945]]]},"properties":{"osm_id":"way/246684663","building":"apartments","name":null,"height_m":21,"height_source":"tag:levels","levels":7,"addr":{"housenumber":"74","street":"Sıraselviler Caddesi"}}},{"type":"Feature","id":"way/246684664","geometry":{"type":"Polygon","coordinates":[[[28.982956,41.031918],[28.9830123,41.0319827],[28.9828541,41.0320474],[28.9828729,41.0320798],[28.9827522,41.0321183],[28.9827092,41.0320151],[28.9827441,41.0320009],[28.982956,41.031918]]]},"properties":{"osm_id":"way/246684664","building":"yes","name":null,"height_m":21,"height_source":"tag:levels","levels":7,"addr":{"housenumber":"72"}}},{"type":"Feature","id":"way/246684665","geometry":{"type":"Polygon","coordinates":[[[28.9830123,41.0319827],[28.9830499,41.0320555],[28.9828867,41.0321078],[28.9828729,41.0320798],[28.9828541,41.0320474],[28.9830123,41.0319827]]]},"properties":{"osm_id":"way/246684665","building":"yes","name":null,"height_m":18,"height_source":"tag:levels","levels":6,"addr":{"housenumber":"70"}}},{"type":"Feature","id":"way/246874733","geometry":{"type":"Polygon","coordinates":[[[28.9839983,41.0329712],[28.983957,41.0328998],[28.9838249,41.0329433],[28.9838662,41.0330147],[28.9839983,41.0329712]]]},"properties":{"osm_id":"way/246874733","building":"yes","name":null,"height_m":9,"height_source":"estimate","levels":3,"addr":null}},{"type":"Feature","id":"way/246874734","geometry":{"type":"Polygon","coordinates":[[[28.9841424,41.0329556],[28.9842108,41.0329425],[28.9842264,41.0328164],[28.9840993,41.0328552],[28.9841424,41.0329556]]]},"properties":{"osm_id":"way/246874734","building":"yes","name":null,"height_m":9,"height_source":"estimate","levels":3,"addr":null}},{"type":"Feature","id":"way/246874736","geometry":{"type":"Polygon","coordinates":[[[28.9840862,41.0329575],[28.9841308,41.033035],[28.984111,41.0330415],[28.983981,41.033084],[28.9839364,41.0330065],[28.9840862,41.0329575]]]},"properties":{"osm_id":"way/246874736","building":"yes","name":"Sirkeci Mustafa Ağa Camii","height_m":9,"height_source":"estimate","levels":3,"addr":null}},{"type":"Feature","id":"way/246874737","geometry":{"type":"Polygon","coordinates":[[[28.9843645,41.0326375],[28.9843569,41.0325656],[28.9841893,41.0326105],[28.9842264,41.0328164],[28.9842108,41.0329425],[28.9843357,41.0329259],[28.9843025,41.0326423],[28.9843645,41.0326375]]]},"properties":{"osm_id":"way/246874737","building":"yes","name":null,"height_m":9,"height_source":"estimate","levels":3,"addr":null}},{"type":"Feature","id":"way/246874738","geometry":{"type":"Polygon","coordinates":[[[28.9846158,41.0328549],[28.9848225,41.0328443],[28.9848738,41.0334101],[28.9846783,41.0334202],[28.9846666,41.0332908],[28.9846038,41.0332941],[28.9845907,41.0331496],[28.9846423,41.0331469],[28.9846158,41.0328549]]]},"properties":{"osm_id":"way/246874738","building":"yes","name":null,"height_m":9,"height_source":"estimate","levels":3,"addr":null}},{"type":"Feature","id":"way/246874739","geometry":{"type":"Polygon","coordinates":[[[28.9844797,41.032685],[28.9848353,41.0326847],[28.9848351,41.0325563],[28.9844795,41.0325566],[28.9844797,41.032685]]]},"properties":{"osm_id":"way/246874739","building":"yes","name":null,"height_m":9,"height_source":"estimate","levels":3,"addr":null}},{"type":"Feature","id":"way/246874741","geometry":{"type":"Polygon","coordinates":[[[28.98401,41.0331344],[28.98414,41.0330918],[28.984111,41.0330415],[28.983981,41.033084],[28.98401,41.0331344]]]},"properties":{"osm_id":"way/246874741","building":"yes","name":null,"height_m":9,"height_source":"estimate","levels":3,"addr":null}},{"type":"Feature","id":"way/246874743","geometry":{"type":"Polygon","coordinates":[[[28.984432,41.0334103],[28.9843174,41.0334483],[28.9843382,41.033484],[28.9842244,41.0335082],[28.9842868,41.0335925],[28.9846538,41.0334739],[28.9846361,41.0334436],[28.9845853,41.0334385],[28.9844707,41.0334765],[28.984432,41.0334103]]]},"properties":{"osm_id":"way/246874743","building":"yes","name":null,"height_m":9,"height_source":"estimate","levels":3,"addr":null}},{"type":"Feature","id":"way/246874745","geometry":{"type":"Polygon","coordinates":[[[28.9842402,41.0331039],[28.9843709,41.0333462],[28.9842558,41.0333815],[28.9842152,41.0333061],[28.9841736,41.0333189],[28.9841342,41.0332458],[28.9841691,41.0332351],[28.9841185,41.0331413],[28.9842402,41.0331039]]]},"properties":{"osm_id":"way/246874745","building":"yes","name":null,"height_m":9,"height_source":"estimate","levels":3,"addr":null}},{"type":"Feature","id":"way/246883314","geometry":{"type":"Polygon","coordinates":[[[28.9853433,41.0332954],[28.9853795,41.0332091],[28.9852739,41.0331839],[28.9852378,41.0332703],[28.9853433,41.0332954]]]},"properties":{"osm_id":"way/246883314","building":"yes","name":null,"height_m":9,"height_source":"estimate","levels":3,"addr":null}},{"type":"Feature","id":"way/248836854","geometry":{"type":"Polygon","coordinates":[[[28.9826989,41.0348733],[28.9827216,41.0348526],[28.9827336,41.03486],[28.9827632,41.034833],[28.9827527,41.0348264],[28.982785,41.0347969],[28.9828471,41.0348356],[28.9828621,41.0348219],[28.9828458,41.0348117],[28.9828817,41.0347789],[28.9829538,41.0348237],[28.9828218,41.0349442],[28.982775,41.0349151],[28.9828015,41.0348909],[28.9827749,41.0348743],[28.9827447,41.0349019],[28.9826989,41.0348733]]]},"properties":{"osm_id":"way/248836854","building":"yes","name":null,"height_m":9,"height_source":"estimate","levels":3,"addr":null}},{"type":"Feature","id":"way/248836856","geometry":{"type":"Polygon","coordinates":[[[28.9827192,41.034827],[28.9827018,41.034816],[28.9827031,41.0348149],[28.982735,41.0348351],[28.9827832,41.0347917],[28.982831,41.0348219],[28.9828819,41.0347761],[28.9829588,41.0348248],[28.9829492,41.0348334],[28.9829649,41.0348433],[28.9829982,41.0348133],[28.9829002,41.0347514],[28.9828804,41.0347693],[28.9827933,41.0347143],[28.9827544,41.0347494],[28.9827764,41.0347633],[28.9827296,41.0348056],[28.9825917,41.0347188],[28.9825661,41.0347419],[28.9826678,41.0348059],[28.9826118,41.0348565],[28.9826558,41.0348843],[28.9827192,41.034827]]]},"properties":{"osm_id":"way/248836856","building":"yes","name":null,"height_m":9,"height_source":"estimate","levels":3,"addr":null}},{"type":"Feature","id":"way/248836864","geometry":{"type":"Polygon","coordinates":[[[28.9828201,41.0346911],[28.9830101,41.0348082],[28.9830571,41.0347648],[28.9828672,41.0346477],[28.9828201,41.0346911]]]},"properties":{"osm_id":"way/248836864","building":"yes","name":null,"height_m":9,"height_source":"estimate","levels":3,"addr":null}},{"type":"Feature","id":"way/248836865","geometry":{"type":"Polygon","coordinates":[[[28.9828698,41.0346443],[28.9829331,41.0345856],[28.9830367,41.0346492],[28.983016,41.0346684],[28.9829796,41.034646],[28.9829369,41.0346855],[28.9828698,41.0346443]]]},"properties":{"osm_id":"way/248836865","building":"yes","name":"Keyfeder","height_m":9,"height_source":"estimate","levels":3,"addr":{"housenumber":"14/A","postcode":"34433","street":"Çukurlu Çeşme Sokağı"}}},{"type":"Feature","id":"way/248836866","geometry":{"type":"Polygon","coordinates":[[[28.9829838,41.0347111],[28.9830475,41.0346521],[28.9831276,41.0347014],[28.9830638,41.0347603],[28.9829838,41.0347111]]]},"properties":{"osm_id":"way/248836866","building":"yes","name":null,"height_m":9,"height_source":"estimate","levels":3,"addr":null}},{"type":"Feature","id":"way/248836868","geometry":{"type":"Polygon","coordinates":[[[28.9831585,41.0347111],[28.9832214,41.0347543],[28.9831543,41.03481],[28.9830914,41.0347668],[28.9831585,41.0347111]]]},"properties":{"osm_id":"way/248836868","building":"yes","name":null,"height_m":9,"height_source":"estimate","levels":3,"addr":null}},{"type":"Feature","id":"way/248836870","geometry":{"type":"Polygon","coordinates":[[[28.9831543,41.03481],[28.9832421,41.0348723],[28.9833116,41.0348166],[28.9832214,41.0347543],[28.9831543,41.03481]]]},"properties":{"osm_id":"way/248836870","building":"yes","name":null,"height_m":9,"height_source":"estimate","levels":3,"addr":null}},{"type":"Feature","id":"way/248836871","geometry":{"type":"Polygon","coordinates":[[[28.9832421,41.0348723],[28.9832694,41.0348951],[28.9833428,41.034837],[28.9833116,41.0348166],[28.9832421,41.0348723]]]},"properties":{"osm_id":"way/248836871","building":"yes","name":null,"height_m":9,"height_source":"estimate","levels":3,"addr":null}},{"type":"Feature","id":"way/248836874","geometry":{"type":"Polygon","coordinates":[[[28.9828599,41.0349182],[28.9828835,41.0349317],[28.982966,41.0348498],[28.9829424,41.0348363],[28.9828599,41.0349182]]]},"properties":{"osm_id":"way/248836874","building":"yes","name":null,"height_m":9,"height_source":"estimate","levels":3,"addr":null}},{"type":"Feature","id":"way/248836875","geometry":{"type":"Polygon","coordinates":[[[28.9832694,41.0348951],[28.9833172,41.0349278],[28.9833882,41.034869],[28.9833428,41.034837],[28.9832694,41.0348951]]]},"properties":{"osm_id":"way/248836875","building":"yes","name":null,"height_m":9,"height_source":"estimate","levels":3,"addr":null}},{"type":"Feature","id":"way/248836877","geometry":{"type":"Polygon","coordinates":[[[28.9833172,41.0349278],[28.9833775,41.0349674],[28.983446,41.0349082],[28.9833882,41.034869],[28.9833172,41.0349278]]]},"properties":{"osm_id":"way/248836877","building":"yes","name":null,"height_m":9,"height_source":"estimate","levels":3,"addr":null}},{"type":"Feature","id":"way/248836878","geometry":{"type":"Polygon","coordinates":[[[28.9833775,41.0349674],[28.983426,41.0349994],[28.9834945,41.0349402],[28.983446,41.0349082],[28.9833775,41.0349674]]]},"properties":{"osm_id":"way/248836878","building":"yes","name":null,"height_m":9,"height_source":"estimate","levels":3,"addr":null}},{"type":"Feature","id":"way/248836880","geometry":{"type":"Polygon","coordinates":[[[28.9829528,41.0349404],[28.9830078,41.0348827],[28.9831272,41.0349636],[28.9830971,41.0349872],[28.9830588,41.0350173],[28.9829528,41.0349404]]]},"properties":{"osm_id":"way/248836880","building":"yes","name":null,"height_m":9,"height_source":"estimate","levels":3,"addr":null}},{"type":"Feature","id":"way/248903538","geometry":{"type":"Polygon","coordinates":[[[28.9837498,41.0352835],[28.9836782,41.0352365],[28.9836189,41.0352795],[28.9836874,41.0353258],[28.9837498,41.0352835]]]},"properties":{"osm_id":"way/248903538","building":"yes","name":null,"height_m":9,"height_source":"estimate","levels":3,"addr":null}},{"type":"Feature","id":"way/248903539","geometry":{"type":"Polygon","coordinates":[[[28.9832326,41.0351881],[28.9832948,41.035133],[28.9832469,41.0351018],[28.9831823,41.0351622],[28.9832326,41.0351881]]]},"properties":{"osm_id":"way/248903539","building":"yes","name":null,"height_m":9,"height_source":"estimate","levels":3,"addr":null}},{"type":"Feature","id":"way/248903540","geometry":{"type":"Polygon","coordinates":[[[28.9830536,41.0350927],[28.9831373,41.0350168],[28.9830971,41.0349872],[28.9830588,41.0350173],[28.9830127,41.0350534],[28.9830536,41.0350927]]]},"properties":{"osm_id":"way/248903540","building":"yes","name":null,"height_m":9,"height_source":"estimate","levels":3,"addr":null}},{"type":"Feature","id":"way/248903541","geometry":{"type":"Polygon","coordinates":[[[28.9833828,41.0352718],[28.9834437,41.0352212],[28.9834538,41.0352129],[28.9834042,41.0351744],[28.9833267,41.0352359],[28.9833828,41.0352718]]]},"properties":{"osm_id":"way/248903541","building":"yes","name":null,"height_m":9,"height_source":"estimate","levels":3,"addr":null}},{"type":"Feature","id":"way/248903542","geometry":{"type":"Polygon","coordinates":[[[28.9833267,41.0352359],[28.9834042,41.0351744],[28.9834174,41.0351638],[28.9834798,41.0351142],[28.9833983,41.0350507],[28.9832326,41.0351881],[28.9833267,41.0352359]]]},"properties":{"osm_id":"way/248903542","building":"yes","name":null,"height_m":9,"height_source":"estimate","levels":3,"addr":null}},{"type":"Feature","id":"way/248903543","geometry":{"type":"Polygon","coordinates":[[[28.9834307,41.0352976],[28.9834667,41.0352712],[28.9834913,41.0352531],[28.9834437,41.0352212],[28.9833828,41.0352718],[28.9834307,41.0352976]]]},"properties":{"osm_id":"way/248903543","building":"yes","name":null,"height_m":9,"height_source":"estimate","levels":3,"addr":null}},{"type":"Feature","id":"way/248903544","geometry":{"type":"Polygon","coordinates":[[[28.9831293,41.0351454],[28.9832334,41.0350594],[28.9831615,41.035001],[28.9831373,41.0350168],[28.9830536,41.0350927],[28.9831293,41.0351454]]]},"properties":{"osm_id":"way/248903544","building":"yes","name":null,"height_m":9,"height_source":"estimate","levels":3,"addr":null}},{"type":"Feature","id":"way/248903545","geometry":{"type":"Polygon","coordinates":[[[28.9830791,41.0348236],[28.983219,41.0349233],[28.9831554,41.0349724],[28.9830247,41.0348752],[28.9830791,41.0348236]]]},"properties":{"osm_id":"way/248903545","building":"yes","name":null,"height_m":9,"height_source":"estimate","levels":3,"addr":null}},{"type":"Feature","id":"way/248903546","geometry":{"type":"Polygon","coordinates":[[[28.9834763,41.0351907],[28.9835391,41.0351388],[28.9834798,41.0351142],[28.9834174,41.0351638],[28.9834763,41.0351907]]]},"properties":{"osm_id":"way/248903546","building":"yes","name":null,"height_m":9,"height_source":"estimate","levels":3,"addr":null}},{"type":"Feature","id":"way/248903547","geometry":{"type":"Polygon","coordinates":[[[28.9836472,41.0354238],[28.9836863,41.0353873],[28.9834667,41.0352712],[28.9834307,41.0352976],[28.9836472,41.0354238]]]},"properties":{"osm_id":"way/248903547","building":"yes","name":null,"height_m":9,"height_source":"estimate","levels":3,"addr":null}},{"type":"Feature","id":"way/248903548","geometry":{"type":"Polygon","coordinates":[[[28.9833521,41.0350175],[28.9833125,41.0349822],[28.9832431,41.0350339],[28.9832942,41.0350644],[28.9833521,41.0350175]]]},"properties":{"osm_id":"way/248903548","building":"yes","name":null,"height_m":9,"height_source":"estimate","levels":3,"addr":null}},{"type":"Feature","id":"way/248903549","geometry":{"type":"Polygon","coordinates":[[[28.9833125,41.0349822],[28.983219,41.0349233],[28.9831554,41.0349724],[28.9832431,41.0350339],[28.9833125,41.0349822]]]},"properties":{"osm_id":"way/248903549","building":"yes","name":null,"height_m":9,"height_source":"estimate","levels":3,"addr":null}},{"type":"Feature","id":"way/248903550","geometry":{"type":"Polygon","coordinates":[[[28.9835413,41.0352289],[28.9835985,41.0351811],[28.9835391,41.0351388],[28.9834763,41.0351907],[28.9835413,41.0352289]]]},"properties":{"osm_id":"way/248903550","building":"yes","name":null,"height_m":9,"height_source":"estimate","levels":3,"addr":null}},{"type":"Feature","id":"way/248903551","geometry":{"type":"Polygon","coordinates":[[[28.9833983,41.0350507],[28.9833521,41.0350175],[28.9832942,41.0350644],[28.9832663,41.0350864],[28.9832469,41.0351018],[28.9832948,41.035133],[28.9833983,41.0350507]]]},"properties":{"osm_id":"way/248903551","building":"yes","name":null,"height_m":9,"height_source":"estimate","levels":3,"addr":null}},{"type":"Feature","id":"way/248903552","geometry":{"type":"Polygon","coordinates":[[[28.9831823,41.0351622],[28.9832469,41.0351018],[28.9832663,41.0350864],[28.9832334,41.0350594],[28.9831293,41.0351454],[28.9831823,41.0351622]]]},"properties":{"osm_id":"way/248903552","building":"yes","name":null,"height_m":9,"height_source":"estimate","levels":3,"addr":null}},{"type":"Feature","id":"way/248903553","geometry":{"type":"Polygon","coordinates":[[[28.9836782,41.0352365],[28.9835985,41.0351811],[28.9835413,41.0352289],[28.9836189,41.0352795],[28.9836782,41.0352365]]]},"properties":{"osm_id":"way/248903553","building":"yes","name":null,"height_m":9,"height_source":"estimate","levels":3,"addr":null}},{"type":"Feature","id":"way/248903554","geometry":{"type":"Polygon","coordinates":[[[28.9837339,41.0353661],[28.9837944,41.0353204],[28.9837498,41.0352835],[28.9836874,41.0353258],[28.9837339,41.0353661]]]},"properties":{"osm_id":"way/248903554","building":"yes","name":null,"height_m":9,"height_source":"estimate","levels":3,"addr":null}},{"type":"Feature","id":"way/248903555","geometry":{"type":"Polygon","coordinates":[[[28.9829111,41.0349718],[28.9829528,41.0349404],[28.9830588,41.0350173],[28.9830127,41.0350534],[28.9829111,41.0349718]]]},"properties":{"osm_id":"way/248903555","building":"yes","name":null,"height_m":9,"height_source":"estimate","levels":3,"addr":null}},{"type":"Feature","id":"way/249032235","geometry":{"type":"Polygon","coordinates":[[[28.9828442,41.0350122],[28.9829475,41.035085],[28.9828595,41.0351648],[28.9828047,41.0352144],[28.9827409,41.0352722],[28.9826243,41.0352054],[28.9828442,41.0350122]]]},"properties":{"osm_id":"way/249032235","building":"yes","name":null,"height_m":9,"height_source":"estimate","levels":3,"addr":null}},{"type":"Feature","id":"way/249032237","geometry":{"type":"Polygon","coordinates":[[[28.9827409,41.0352722],[28.9828214,41.0353184],[28.9830238,41.0351407],[28.9829475,41.035085],[28.9828595,41.0351648],[28.9828831,41.0351822],[28.9828227,41.0352267],[28.9828047,41.0352144],[28.9827409,41.0352722]]]},"properties":{"osm_id":"way/249032237","building":"yes","name":null,"height_m":9,"height_source":"estimate","levels":3,"addr":null}},{"type":"Feature","id":"way/249032239","geometry":{"type":"Polygon","coordinates":[[[28.9830238,41.0351407],[28.9831816,41.0352342],[28.9830456,41.035362],[28.9830353,41.0353716],[28.982982,41.0353395],[28.9829122,41.0354042],[28.9827895,41.0353491],[28.9828214,41.0353184],[28.9830238,41.0351407]]]},"properties":{"osm_id":"way/249032239","building":"yes","name":null,"height_m":9,"height_source":"estimate","levels":3,"addr":null}},{"type":"Feature","id":"way/249032241","geometry":{"type":"Polygon","coordinates":[[[28.9830456,41.035362],[28.9831117,41.0354021],[28.9832508,41.0352707],[28.9831816,41.0352342],[28.9830456,41.035362]]]},"properties":{"osm_id":"way/249032241","building":"yes","name":null,"height_m":9,"height_source":"estimate","levels":3,"addr":null}},{"type":"Feature","id":"way/249032243","geometry":{"type":"Polygon","coordinates":[[[28.9831117,41.0354021],[28.9830984,41.0354133],[28.9831907,41.0354705],[28.983224,41.0354396],[28.9832806,41.0353853],[28.9833424,41.0353219],[28.9832508,41.0352707],[28.9831117,41.0354021]]]},"properties":{"osm_id":"way/249032243","building":"hotel","name":"Mukarnas Taksim Hotel","height_m":18,"height_source":"tag:levels","levels":6,"addr":{"city":"İstanbul","district":"Beyoğlu","street":"İpek Sokağı"}}},{"type":"Feature","id":"way/249032245","geometry":{"type":"Polygon","coordinates":[[[28.9833424,41.0353219],[28.9834531,41.0353802],[28.9833893,41.0354458],[28.9832806,41.0353853],[28.9833424,41.0353219]]]},"properties":{"osm_id":"way/249032245","building":"yes","name":null,"height_m":9,"height_source":"estimate","levels":3,"addr":null}},{"type":"Feature","id":"way/249032247","geometry":{"type":"Polygon","coordinates":[[[28.9834531,41.0353802],[28.9835242,41.0354159],[28.9834586,41.0354827],[28.9833893,41.0354458],[28.9834531,41.0353802]]]},"properties":{"osm_id":"way/249032247","building":"yes","name":null,"height_m":9,"height_source":"estimate","levels":3,"addr":null}},{"type":"Feature","id":"way/249032249","geometry":{"type":"Polygon","coordinates":[[[28.9835242,41.0354159],[28.9836134,41.0354669],[28.9835457,41.0355292],[28.9834586,41.0354827],[28.9835242,41.0354159]]]},"properties":{"osm_id":"way/249032249","building":"yes","name":null,"height_m":9,"height_source":"estimate","levels":3,"addr":null}},{"type":"Feature","id":"way/249032251","geometry":{"type":"Polygon","coordinates":[[[28.983224,41.0354396],[28.9833343,41.0355023],[28.9833893,41.0354458],[28.9832806,41.0353853],[28.983224,41.0354396]]]},"properties":{"osm_id":"way/249032251","building":"yes","name":null,"height_m":9,"height_source":"estimate","levels":3,"addr":null}},{"type":"Feature","id":"way/249032253","geometry":{"type":"Polygon","coordinates":[[[28.9833893,41.0354458],[28.9834586,41.0354827],[28.9835457,41.0355292],[28.9834925,41.0355867],[28.9833343,41.0355023],[28.9833893,41.0354458]]]},"properties":{"osm_id":"way/249032253","building":"yes","name":null,"height_m":9,"height_source":"estimate","levels":3,"addr":null}},{"type":"Feature","id":"way/249032255","geometry":{"type":"Polygon","coordinates":[[[28.9826968,41.0356199],[28.9827736,41.0356513],[28.9829837,41.0354361],[28.9829122,41.0354042],[28.9826968,41.0356199]]]},"properties":{"osm_id":"way/249032255","building":"yes","name":null,"height_m":18,"height_source":"tag:levels","levels":6,"addr":{"housenumber":"55"}}},{"type":"Feature","id":"way/249032257","geometry":{"type":"Polygon","coordinates":[[[28.9827736,41.0356513],[28.9828486,41.0356797],[28.9830518,41.0354689],[28.9829837,41.0354361],[28.9827736,41.0356513]]]},"properties":{"osm_id":"way/249032257","building":"yes","name":null,"height_m":18,"height_source":"tag:levels","levels":6,"addr":null}},{"type":"Feature","id":"way/249032258","geometry":{"type":"Polygon","coordinates":[[[28.9828486,41.0356797],[28.9829503,41.0357228],[28.9830551,41.0356117],[28.983039,41.0356022],[28.983106,41.0355253],[28.9830518,41.0354689],[28.9828486,41.0356797]]]},"properties":{"osm_id":"way/249032258","building":"yes","name":null,"height_m":21,"height_source":"tag:levels","levels":7,"addr":null}},{"type":"Feature","id":"way/249032260","geometry":{"type":"Polygon","coordinates":[[[28.9829503,41.0357228],[28.9830366,41.03576],[28.9831367,41.0356495],[28.9830904,41.0356276],[28.9830551,41.0356117],[28.9829503,41.0357228]]]},"properties":{"osm_id":"way/249032260","building":"yes","name":null,"height_m":21,"height_source":"tag:levels","levels":7,"addr":null}},{"type":"Feature","id":"way/249032262","geometry":{"type":"Polygon","coordinates":[[[28.9830904,41.0356276],[28.9831015,41.0356151],[28.983087,41.0356065],[28.9831021,41.0355911],[28.9830779,41.0355757],[28.9831091,41.0355332],[28.9831965,41.035585],[28.9831367,41.0356495],[28.9830904,41.0356276]]]},"properties":{"osm_id":"way/249032262","building":"yes","name":null,"height_m":9,"height_source":"estimate","levels":3,"addr":null}},{"type":"Feature","id":"way/249032266","geometry":{"type":"Polygon","coordinates":[[[28.9831907,41.0356779],[28.9830961,41.0357879],[28.9832525,41.0358494],[28.9833374,41.0357553],[28.9831907,41.0356779]]]},"properties":{"osm_id":"way/249032266","building":"yes","name":null,"height_m":9,"height_source":"estimate","levels":3,"addr":null}},{"type":"Feature","id":"way/249032269","geometry":{"type":"Polygon","coordinates":[[[28.9830366,41.03576],[28.9830961,41.0357879],[28.9831907,41.0356779],[28.9831367,41.0356495],[28.9830366,41.03576]]]},"properties":{"osm_id":"way/249032269","building":"yes","name":null,"height_m":9,"height_source":"estimate","levels":3,"addr":null}},{"type":"Feature","id":"way/249032271","geometry":{"type":"Polygon","coordinates":[[[28.9831965,41.035585],[28.9832478,41.0355308],[28.9834467,41.0356365],[28.9833971,41.0356908],[28.9831965,41.035585]]]},"properties":{"osm_id":"way/249032271","building":"yes","name":null,"height_m":9,"height_source":"estimate","levels":3,"addr":null}},{"type":"Feature","id":"way/249032273","geometry":{"type":"Polygon","coordinates":[[[28.9836502,41.0347735],[28.9837803,41.0348635],[28.9838079,41.0348429],[28.9838659,41.0347996],[28.9839198,41.0347593],[28.9837843,41.0346642],[28.9836502,41.0347735]]]},"properties":{"osm_id":"way/249032273","building":"yes","name":null,"height_m":9,"height_source":"estimate","levels":3,"addr":null}},{"type":"Feature","id":"way/249032274","geometry":{"type":"Polygon","coordinates":[[[28.9838659,41.0347996],[28.9838862,41.034817],[28.9839064,41.0348099],[28.9839828,41.0348706],[28.9838339,41.0349808],[28.9837494,41.0349181],[28.9838232,41.0348615],[28.9838079,41.0348429],[28.9838659,41.0347996]]]},"properties":{"osm_id":"way/249032274","building":"yes","name":"Surp Harutyun Ermeni Kilisesi","height_m":9,"height_source":"estimate","levels":3,"addr":null}},{"type":"Feature","id":"way/249032276","geometry":{"type":"Polygon","coordinates":[[[28.9835223,41.0350657],[28.9836199,41.0351304],[28.9836725,41.0350849],[28.9836977,41.0350636],[28.9836435,41.0350259],[28.9836033,41.0350588],[28.9835641,41.0350315],[28.9835223,41.0350657]]]},"properties":{"osm_id":"way/249032276","building":"yes","name":null,"height_m":9,"height_source":"estimate","levels":3,"addr":null}},{"type":"Feature","id":"way/249032278","geometry":{"type":"Polygon","coordinates":[[[28.9836199,41.0351304],[28.9837069,41.0351893],[28.9837394,41.0351624],[28.9837621,41.0351437],[28.9837429,41.0351311],[28.9836725,41.0350849],[28.9836199,41.0351304]]]},"properties":{"osm_id":"way/249032278","building":"yes","name":null,"height_m":9,"height_source":"estimate","levels":3,"addr":null}},{"type":"Feature","id":"way/249032280","geometry":{"type":"Polygon","coordinates":[[[28.9837069,41.0351893],[28.983752,41.0352203],[28.9837845,41.0351934],[28.9837394,41.0351624],[28.9837069,41.0351893]]]},"properties":{"osm_id":"way/249032280","building":"yes","name":null,"height_m":9,"height_source":"estimate","levels":3,"addr":null}},{"type":"Feature","id":"way/249032282","geometry":{"type":"Polygon","coordinates":[[[28.983752,41.0352203],[28.983838,41.0352863],[28.9839398,41.0351869],[28.9838312,41.0351075],[28.9838098,41.0350901],[28.9837429,41.0351311],[28.9837621,41.0351437],[28.9837394,41.0351624],[28.9837845,41.0351934],[28.983752,41.0352203]]]},"properties":{"osm_id":"way/249032282","building":"yes","name":null,"height_m":9,"height_source":"estimate","levels":3,"addr":null}},{"type":"Feature","id":"way/249032284","geometry":{"type":"Polygon","coordinates":[[[28.9839398,41.0351869],[28.9842288,41.0349619],[28.9841233,41.0348847],[28.9840984,41.0349041],[28.9840825,41.0348925],[28.9840217,41.0349398],[28.9840354,41.0349498],[28.9839446,41.0350204],[28.9839311,41.0350106],[28.9838918,41.0350412],[28.9839045,41.0350504],[28.9838312,41.0351075],[28.9839398,41.0351869]]]},"properties":{"osm_id":"way/249032284","building":"yes","name":null,"height_m":9,"height_source":"estimate","levels":3,"addr":null}},{"type":"Feature","id":"way/249032286","geometry":{"type":"Polygon","coordinates":[[[28.9842698,41.0349535],[28.9844441,41.034817],[28.9844012,41.0347886],[28.9842363,41.0349181],[28.9842698,41.0349535]]]},"properties":{"osm_id":"way/249032286","building":"yes","name":null,"height_m":9,"height_source":"estimate","levels":3,"addr":null}},{"type":"Feature","id":"way/249032291","geometry":{"type":"Polygon","coordinates":[[[28.9842363,41.0349181],[28.9840324,41.0347391],[28.9841706,41.03465],[28.9844012,41.0347886],[28.9842363,41.0349181]]]},"properties":{"osm_id":"way/249032291","building":"yes","name":null,"height_m":9,"height_source":"estimate","levels":3,"addr":null}},{"type":"Feature","id":"way/249032293","geometry":{"type":"Polygon","coordinates":[[[28.9841706,41.03465],[28.9840472,41.0345742],[28.9839751,41.034636],[28.9839186,41.0346844],[28.9839104,41.0346915],[28.9839855,41.0347502],[28.9840324,41.0347391],[28.9841706,41.03465]]]},"properties":{"osm_id":"way/249032293","building":"yes","name":null,"height_m":9,"height_source":"estimate","levels":3,"addr":null}},{"type":"Feature","id":"way/249032295","geometry":{"type":"Polygon","coordinates":[[[28.9839186,41.0346844],[28.9836636,41.0345408],[28.9837409,41.0344649],[28.9838004,41.0344123],[28.9838889,41.034468],[28.9838277,41.0345336],[28.9838125,41.0345499],[28.9839751,41.034636],[28.9839186,41.0346844]]]},"properties":{"osm_id":"way/249032295","building":"yes","name":null,"height_m":9,"height_source":"estimate","levels":3,"addr":null}},{"type":"Feature","id":"way/249032296","geometry":{"type":"Polygon","coordinates":[[[28.9838889,41.034468],[28.9839453,41.0345054],[28.9839023,41.0345671],[28.9838277,41.0345336],[28.9838889,41.034468]]]},"properties":{"osm_id":"way/249032296","building":"yes","name":null,"height_m":9,"height_source":"estimate","levels":3,"addr":null}},{"type":"Feature","id":"way/249032298","geometry":{"type":"Polygon","coordinates":[[[28.9839453,41.0345054],[28.9840445,41.034557],[28.9839788,41.0346136],[28.9839023,41.0345671],[28.9839453,41.0345054]]]},"properties":{"osm_id":"way/249032298","building":"yes","name":null,"height_m":9,"height_source":"estimate","levels":3,"addr":null}},{"type":"Feature","id":"way/249032300","geometry":{"type":"Polygon","coordinates":[[[28.9837092,41.0344436],[28.9837682,41.0343961],[28.9837267,41.0343496],[28.9836583,41.0344073],[28.9837092,41.0344436]]]},"properties":{"osm_id":"way/249032300","building":"yes","name":null,"height_m":9,"height_source":"estimate","levels":3,"addr":null}},{"type":"Feature","id":"way/249032302","geometry":{"type":"Polygon","coordinates":[[[28.9837267,41.0343496],[28.9836328,41.0342859],[28.9836051,41.0343056],[28.9835598,41.0343381],[28.9836583,41.0344073],[28.9837267,41.0343496]]]},"properties":{"osm_id":"way/249032302","building":"yes","name":null,"height_m":9,"height_source":"estimate","levels":3,"addr":null}},{"type":"Feature","id":"way/249032304","geometry":{"type":"Polygon","coordinates":[[[28.9834236,41.0341452],[28.9833377,41.0342262],[28.9834593,41.0343023],[28.9834799,41.0343152],[28.983559,41.0342613],[28.9835764,41.0342494],[28.9834236,41.0341452]]]},"properties":{"osm_id":"way/249032304","building":"yes","name":"Plat Inn","height_m":9,"height_source":"estimate","levels":3,"addr":null}},{"type":"Feature","id":"way/249032306","geometry":{"type":"Polygon","coordinates":[[[28.9834799,41.0343152],[28.9835282,41.0343607],[28.9835598,41.0343381],[28.9836051,41.0343056],[28.983559,41.0342613],[28.9834799,41.0343152]]]},"properties":{"osm_id":"way/249032306","building":"yes","name":null,"height_m":9,"height_source":"estimate","levels":3,"addr":null}},{"type":"Feature","id":"way/249032307","geometry":{"type":"Polygon","coordinates":[[[28.9832506,41.0343071],[28.9833377,41.0342262],[28.9834593,41.0343023],[28.9834262,41.0343344],[28.9834759,41.0343627],[28.9834209,41.0344164],[28.9833983,41.0344019],[28.9832506,41.0343071]]]},"properties":{"osm_id":"way/249032307","building":"yes","name":null,"height_m":9,"height_source":"estimate","levels":3,"addr":null}},{"type":"Feature","id":"way/249032309","geometry":{"type":"Polygon","coordinates":[[[28.9832506,41.0343071],[28.9831862,41.0343708],[28.9833283,41.034456],[28.9833364,41.0344609],[28.9833983,41.0344019],[28.9832506,41.0343071]]]},"properties":{"osm_id":"way/249032309","building":"yes","name":null,"height_m":9,"height_source":"estimate","levels":3,"addr":null}},{"type":"Feature","id":"way/249032311","geometry":{"type":"Polygon","coordinates":[[[28.9831862,41.0343708],[28.9831138,41.0344346],[28.9832678,41.0345293],[28.9832961,41.0345049],[28.9833265,41.0344787],[28.9833122,41.034468],[28.9833283,41.034456],[28.9831862,41.0343708]]]},"properties":{"osm_id":"way/249032311","building":"yes","name":null,"height_m":9,"height_source":"estimate","levels":3,"addr":null}},{"type":"Feature","id":"way/249032313","geometry":{"type":"Polygon","coordinates":[[[28.9831138,41.0344346],[28.9830078,41.0345378],[28.9831528,41.0346284],[28.9832678,41.0345293],[28.9831138,41.0344346]]]},"properties":{"osm_id":"way/249032313","building":"yes","name":null,"height_m":9,"height_source":"estimate","levels":3,"addr":null}},{"type":"Feature","id":"way/249032328","geometry":{"type":"Polygon","coordinates":[[[28.9828699,41.0344448],[28.9829603,41.0345014],[28.9830518,41.0344182],[28.9829614,41.0343616],[28.9828699,41.0344448]]]},"properties":{"osm_id":"way/249032328","building":"yes","name":null,"height_m":9,"height_source":"estimate","levels":3,"addr":null}},{"type":"Feature","id":"way/249032329","geometry":{"type":"Polygon","coordinates":[[[28.9832626,41.0342019],[28.9833592,41.0341129],[28.9832841,41.0340623],[28.9831781,41.0341483],[28.9832626,41.0342019]]]},"properties":{"osm_id":"way/249032329","building":"yes","name":null,"height_m":9,"height_source":"estimate","levels":3,"addr":null}},{"type":"Feature","id":"way/249032331","geometry":{"type":"Polygon","coordinates":[[[28.9826523,41.034071],[28.9829142,41.0342518],[28.9831902,41.0340243],[28.9829255,41.0338415],[28.9828406,41.0339114],[28.9829737,41.0340033],[28.9828768,41.0340831],[28.9827466,41.0339933],[28.9826523,41.034071]]]},"properties":{"osm_id":"way/249032331","building":"yes","name":null,"height_m":9,"height_source":"estimate","levels":3,"addr":null}},{"type":"Feature","id":"way/249032334","geometry":{"type":"Polygon","coordinates":[[[28.9827168,41.0337598],[28.9828241,41.0338407],[28.9829207,41.0337841],[28.9828791,41.0337386],[28.9828147,41.033773],[28.9827611,41.0337335],[28.9827168,41.0337598]]]},"properties":{"osm_id":"way/249032334","building":"yes","name":null,"height_m":9,"height_source":"estimate","levels":3,"addr":null}},{"type":"Feature","id":"way/249041453","geometry":{"type":"Polygon","coordinates":[[[28.983323,41.0333673],[28.9834866,41.0335312],[28.9832345,41.0337355],[28.9831178,41.0336394],[28.983307,41.0334948],[28.9833216,41.0334836],[28.9832506,41.0334098],[28.983323,41.0333673]]]},"properties":{"osm_id":"way/249041453","building":"yes","name":null,"height_m":9,"height_source":"estimate","levels":3,"addr":null}},{"type":"Feature","id":"way/249041454","geometry":{"type":"Polygon","coordinates":[[[28.983213,41.0334199],[28.983307,41.0334948],[28.9831178,41.0336394],[28.9830936,41.0336556],[28.9830118,41.0335717],[28.983213,41.0334199]]]},"properties":{"osm_id":"way/249041454","building":"yes","name":null,"height_m":9,"height_source":"estimate","levels":3,"addr":null}},{"type":"Feature","id":"way/249041455","geometry":{"type":"Polygon","coordinates":[[[28.9830118,41.0335717],[28.982922,41.0336303],[28.983099,41.0338236],[28.9831942,41.0337669],[28.9830936,41.0336556],[28.9830118,41.0335717]]]},"properties":{"osm_id":"way/249041455","building":"yes","name":null,"height_m":9,"height_source":"estimate","levels":3,"addr":null}},{"type":"Feature","id":"way/249041456","geometry":{"type":"Polygon","coordinates":[[[28.9834771,41.033839],[28.9835712,41.0337846],[28.9835368,41.0337506],[28.9834426,41.0338051],[28.9834771,41.033839]]]},"properties":{"osm_id":"way/249041456","building":"yes","name":null,"height_m":9,"height_source":"estimate","levels":3,"addr":null}},{"type":"Feature","id":"way/249041457","geometry":{"type":"Polygon","coordinates":[[[28.9835712,41.0337846],[28.9836403,41.0337447],[28.9835384,41.0336444],[28.9834694,41.0336843],[28.9835368,41.0337506],[28.9835712,41.0337846]]]},"properties":{"osm_id":"way/249041457","building":"yes","name":null,"height_m":9,"height_source":"estimate","levels":3,"addr":null}},{"type":"Feature","id":"way/249041458","geometry":{"type":"Polygon","coordinates":[[[28.9836403,41.0337447],[28.9837479,41.0336824],[28.9836461,41.0335822],[28.9835384,41.0336444],[28.9836403,41.0337447]]]},"properties":{"osm_id":"way/249041458","building":"yes","name":null,"height_m":9,"height_source":"estimate","levels":3,"addr":null}},{"type":"Feature","id":"way/249041459","geometry":{"type":"Polygon","coordinates":[[[28.9837479,41.0336824],[28.9837981,41.0336534],[28.9836963,41.0335532],[28.9836461,41.0335822],[28.9837479,41.0336824]]]},"properties":{"osm_id":"way/249041459","building":"yes","name":null,"height_m":9,"height_source":"estimate","levels":3,"addr":null}},{"type":"Feature","id":"way/249041460","geometry":{"type":"Polygon","coordinates":[[[28.9837981,41.0336534],[28.9838591,41.0336181],[28.9837572,41.0335179],[28.9836963,41.0335532],[28.9837981,41.0336534]]]},"properties":{"osm_id":"way/249041460","building":"yes","name":null,"height_m":9,"height_source":"estimate","levels":3,"addr":null}},{"type":"Feature","id":"way/249041461","geometry":{"type":"Polygon","coordinates":[[[28.9838591,41.0336181],[28.9839325,41.0335757],[28.9838753,41.0335194],[28.9838307,41.0334754],[28.9837572,41.0335179],[28.9838591,41.0336181]]]},"properties":{"osm_id":"way/249041461","building":"yes","name":null,"height_m":9,"height_source":"estimate","levels":3,"addr":null}},{"type":"Feature","id":"way/249041462","geometry":{"type":"Polygon","coordinates":[[[28.9839325,41.0335757],[28.983988,41.0335436],[28.9839309,41.0334873],[28.9838753,41.0335194],[28.9839325,41.0335757]]]},"properties":{"osm_id":"way/249041462","building":"yes","name":null,"height_m":9,"height_source":"estimate","levels":3,"addr":null}},{"type":"Feature","id":"way/249041463","geometry":{"type":"Polygon","coordinates":[[[28.983988,41.0335436],[28.9840371,41.0335152],[28.9839799,41.0334589],[28.9839309,41.0334873],[28.983988,41.0335436]]]},"properties":{"osm_id":"way/249041463","building":"yes","name":null,"height_m":9,"height_source":"estimate","levels":3,"addr":null}},{"type":"Feature","id":"way/249041464","geometry":{"type":"Polygon","coordinates":[[[28.9840338,41.0333956],[28.9839788,41.0333188],[28.9838111,41.0333936],[28.9838795,41.0334624],[28.9840338,41.0333956]]]},"properties":{"osm_id":"way/249041464","building":"yes","name":null,"height_m":9,"height_source":"estimate","levels":3,"addr":null}},{"type":"Feature","id":"way/249041465","geometry":{"type":"Polygon","coordinates":[[[28.9836105,41.0334082],[28.983796,41.0333241],[28.9837439,41.0332587],[28.9835584,41.0333429],[28.9836105,41.0334082]]]},"properties":{"osm_id":"way/249041465","building":"yes","name":null,"height_m":9,"height_source":"estimate","levels":3,"addr":null}},{"type":"Feature","id":"way/249041466","geometry":{"type":"Polygon","coordinates":[[[28.9837012,41.0332469],[28.9838192,41.0331872],[28.983799,41.0331427],[28.9836609,41.0332004],[28.9837012,41.0332469]]]},"properties":{"osm_id":"way/249041466","building":"yes","name":null,"height_m":9,"height_source":"estimate","levels":3,"addr":null}},{"type":"Feature","id":"way/249041467","geometry":{"type":"Polygon","coordinates":[[[28.9838073,41.0329061],[28.9838939,41.0328755],[28.983857,41.032816],[28.9837704,41.0328467],[28.9838073,41.0329061]]]},"properties":{"osm_id":"way/249041467","building":"yes","name":null,"height_m":9,"height_source":"estimate","levels":3,"addr":null}},{"type":"Feature","id":"way/249041468","geometry":{"type":"Polygon","coordinates":[[[28.9837898,41.0328257],[28.9838945,41.0327951],[28.983845,41.0326989],[28.9837403,41.0327295],[28.9837898,41.0328257]]]},"properties":{"osm_id":"way/249041468","building":"apartments","name":null,"height_m":9,"height_source":"estimate","levels":3,"addr":null}},{"type":"Feature","id":"way/249041469","geometry":{"type":"Polygon","coordinates":[[[28.983915,41.032835],[28.9840499,41.0327955],[28.9840105,41.0327188],[28.9839799,41.0326594],[28.983845,41.0326989],[28.9838945,41.0327951],[28.983915,41.032835]]]},"properties":{"osm_id":"way/249041469","building":"apartments","name":null,"height_m":9,"height_source":"estimate","levels":3,"addr":{"housenumber":"10","street":"Soğancı Sokağı"}}},{"type":"Feature","id":"way/249041470","geometry":{"type":"Polygon","coordinates":[[[28.9839799,41.0326594],[28.984112,41.0326207],[28.9841519,41.0326983],[28.9840682,41.0327228],[28.9840588,41.0327046],[28.9840105,41.0327188],[28.9839799,41.0326594]]]},"properties":{"osm_id":"way/249041470","building":"yes","name":null,"height_m":9,"height_source":"estimate","levels":3,"addr":null}},{"type":"Feature","id":"way/249041471","geometry":{"type":"Polygon","coordinates":[[[28.9840499,41.0327955],[28.9840594,41.0328139],[28.9841915,41.0327752],[28.9841519,41.0326983],[28.9840682,41.0327228],[28.9840983,41.0327814],[28.9840499,41.0327955]]]},"properties":{"osm_id":"way/249041471","building":"yes","name":null,"height_m":9,"height_source":"estimate","levels":3,"addr":null}},{"type":"Feature","id":"way/249042535","geometry":{"type":"Polygon","coordinates":[[[28.9833458,41.0340218],[28.9834303,41.0340937],[28.9834812,41.0340633],[28.9833914,41.0339884],[28.9833458,41.0340218]]]},"properties":{"osm_id":"way/249042535","building":"yes","name":null,"height_m":9,"height_source":"estimate","levels":3,"addr":null}},{"type":"Feature","id":"way/249042537","geometry":{"type":"Polygon","coordinates":[[[28.9834812,41.0340633],[28.9835201,41.0340421],[28.9834249,41.0339682],[28.9833914,41.0339884],[28.9834812,41.0340633]]]},"properties":{"osm_id":"way/249042537","building":"yes","name":null,"height_m":9,"height_source":"estimate","levels":3,"addr":null}},{"type":"Feature","id":"way/249042540","geometry":{"type":"Polygon","coordinates":[[[28.9834249,41.0339682],[28.9834785,41.0339379],[28.9835697,41.0340198],[28.9835201,41.0340421],[28.9834249,41.0339682]]]},"properties":{"osm_id":"way/249042540","building":"yes","name":null,"height_m":9,"height_source":"estimate","levels":3,"addr":null}},{"type":"Feature","id":"way/249042541","geometry":{"type":"Polygon","coordinates":[[[28.9834303,41.0340937],[28.9835107,41.0341453],[28.9836247,41.0340775],[28.9835697,41.0340198],[28.9835201,41.0340421],[28.9834812,41.0340633],[28.9834303,41.0340937]]]},"properties":{"osm_id":"way/249042541","building":"yes","name":null,"height_m":9,"height_source":"estimate","levels":3,"addr":null}},{"type":"Feature","id":"way/249042543","geometry":{"type":"Polygon","coordinates":[[[28.9836837,41.0341402],[28.9837696,41.0340926],[28.9837512,41.034074],[28.9837255,41.0340419],[28.9836944,41.0340046],[28.9836591,41.0339806],[28.9835671,41.0338873],[28.9834785,41.0339379],[28.9835697,41.0340198],[28.9836247,41.0340775],[28.9836837,41.0341402]]]},"properties":{"osm_id":"way/249042543","building":"yes","name":"Rodin Hostel","height_m":10,"height_source":"tag:height","levels":4,"addr":{"city":"İstanbul","district":"Beyoğlu","housenumber":"NO:4","neighbourhood":"Katip Mustafa Çelebi Mahallesi","postcode":"34433","street":"Mücadele Çıkmazı Sokağı"}}},{"type":"Feature","id":"way/249042545","geometry":{"type":"Polygon","coordinates":[[[28.9835671,41.0338873],[28.983614,41.0338549],[28.9837052,41.033952],[28.9836591,41.0339806],[28.9835671,41.0338873]]]},"properties":{"osm_id":"way/249042545","building":"yes","name":null,"height_m":9,"height_source":"estimate","levels":3,"addr":null}},{"type":"Feature","id":"way/249042548","geometry":{"type":"Polygon","coordinates":[[[28.983614,41.0338549],[28.9836623,41.0338256],[28.9837481,41.0339156],[28.9837052,41.033952],[28.983614,41.0338549]]]},"properties":{"osm_id":"way/249042548","building":"yes","name":null,"height_m":9,"height_source":"estimate","levels":3,"addr":null}},{"type":"Feature","id":"way/249042549","geometry":{"type":"Polygon","coordinates":[[[28.9836623,41.0338256],[28.9837092,41.0338003],[28.9837857,41.0338923],[28.9837481,41.0339156],[28.9836623,41.0338256]]]},"properties":{"osm_id":"way/249042549","building":"yes","name":null,"height_m":9,"height_source":"estimate","levels":3,"addr":null}},{"type":"Feature","id":"way/249042552","geometry":{"type":"Polygon","coordinates":[[[28.9836944,41.0340046],[28.9837268,41.0339867],[28.983787,41.0340512],[28.9837512,41.034074],[28.9837255,41.0340419],[28.9836944,41.0340046]]]},"properties":{"osm_id":"way/249042552","building":"hotel","name":"Rodin Hostel","height_m":10,"height_source":"tag:height","levels":4,"addr":{"city":"İstanbul","district":"Beyoğlu","housenumber":"NO:4","neighbourhood":"Katip Mustafa Çelebi Mahallesi","postcode":"34433","street":"Mücadele Çıkmazı Sokağı"}}},{"type":"Feature","id":"way/249042554","geometry":{"type":"Polygon","coordinates":[[[28.9837092,41.0338003],[28.9837494,41.0337699],[28.9838004,41.0338225],[28.9839332,41.0337639],[28.9839788,41.0338053],[28.983795,41.0339035],[28.9837857,41.0338923],[28.9837092,41.0338003]]]},"properties":{"osm_id":"way/249042554","building":"yes","name":null,"height_m":9,"height_source":"estimate","levels":3,"addr":null}},{"type":"Feature","id":"way/249042557","geometry":{"type":"Polygon","coordinates":[[[28.9837494,41.0337699],[28.9838594,41.033691],[28.9839332,41.0337639],[28.9838004,41.0338225],[28.9837494,41.0337699]]]},"properties":{"osm_id":"way/249042557","building":"yes","name":null,"height_m":9,"height_source":"estimate","levels":3,"addr":null}},{"type":"Feature","id":"way/249042558","geometry":{"type":"Polygon","coordinates":[[[28.9838594,41.033691],[28.9839493,41.0336303],[28.9839855,41.0336787],[28.9840136,41.0337163],[28.9839699,41.0337421],[28.9839332,41.0337639],[28.9838594,41.033691]]]},"properties":{"osm_id":"way/249042558","building":"yes","name":null,"height_m":9,"height_source":"estimate","levels":3,"addr":null}},{"type":"Feature","id":"way/249042561","geometry":{"type":"Polygon","coordinates":[[[28.9839493,41.0336303],[28.9841196,41.0335251],[28.9841665,41.0335848],[28.9839855,41.0336787],[28.9839493,41.0336303]]]},"properties":{"osm_id":"way/249042561","building":"yes","name":null,"height_m":9,"height_source":"estimate","levels":3,"addr":{"housenumber":"34","street":"Sıraselviler Caddesi"}}},{"type":"Feature","id":"way/249042563","geometry":{"type":"Polygon","coordinates":[[[28.9841665,41.0335848],[28.9842121,41.0336404],[28.9841939,41.0336474],[28.9840136,41.0337163],[28.9839855,41.0336787],[28.9841665,41.0335848]]]},"properties":{"osm_id":"way/249042563","building":"yes","name":null,"height_m":9,"height_source":"estimate","levels":3,"addr":{"housenumber":"32","street":"Sıraselviler Caddesi"}}},{"type":"Feature","id":"way/249042566","geometry":{"type":"Polygon","coordinates":[[[28.9839699,41.0337421],[28.9841074,41.033939],[28.9842975,41.0338145],[28.9841939,41.0336474],[28.9840136,41.0337163],[28.9839699,41.0337421]]]},"properties":{"osm_id":"way/249042566","building":"yes","name":null,"height_m":9,"height_source":"estimate","levels":3,"addr":{"housenumber":"30","street":"Sıraselviler Caddesi"}}},{"type":"Feature","id":"way/249042568","geometry":{"type":"Polygon","coordinates":[[[28.9842975,41.0338145],[28.984334,41.0337905],[28.984408,41.0338772],[28.9843514,41.0339209],[28.9842562,41.0339832],[28.9841769,41.0340352],[28.9840839,41.0339544],[28.9841074,41.033939],[28.9842975,41.0338145]]]},"properties":{"osm_id":"way/249042568","building":"yes","name":null,"height_m":9,"height_source":"estimate","levels":3,"addr":{"housenumber":"28","street":"Sıraselviler Caddesi"}}},{"type":"Feature","id":"way/249042569","geometry":{"type":"Polygon","coordinates":[[[28.9837186,41.0339621],[28.9837602,41.0339348],[28.9838554,41.0340188],[28.9838044,41.0340522],[28.9837186,41.0339621]]]},"properties":{"osm_id":"way/249042569","building":"yes","name":null,"height_m":9,"height_source":"estimate","levels":3,"addr":null}},{"type":"Feature","id":"way/249042572","geometry":{"type":"Polygon","coordinates":[[[28.9837602,41.0339348],[28.983795,41.0339136],[28.9838795,41.0339965],[28.9838554,41.0340188],[28.9837602,41.0339348]]]},"properties":{"osm_id":"way/249042572","building":"yes","name":null,"height_m":9,"height_source":"estimate","levels":3,"addr":null}},{"type":"Feature","id":"way/249042574","geometry":{"type":"Polygon","coordinates":[[[28.983795,41.0339136],[28.9839533,41.0338286],[28.9840539,41.0339581],[28.9840402,41.0339679],[28.9839453,41.034036],[28.9839233,41.0340228],[28.9838795,41.0339965],[28.983795,41.0339136]]]},"properties":{"osm_id":"way/249042574","building":"yes","name":null,"height_m":9,"height_source":"estimate","levels":3,"addr":null}},{"type":"Feature","id":"way/249042577","geometry":{"type":"Polygon","coordinates":[[[28.9836556,41.0342373],[28.9837655,41.0341513],[28.9838608,41.0342181],[28.983844,41.0342318],[28.9837588,41.034301],[28.9836556,41.0342373]]]},"properties":{"osm_id":"way/249042577","building":"yes","name":null,"height_m":9,"height_source":"estimate","levels":3,"addr":null}},{"type":"Feature","id":"way/249042578","geometry":{"type":"Polygon","coordinates":[[[28.9837655,41.0341513],[28.9838621,41.0340846],[28.983964,41.0341695],[28.9838608,41.0342181],[28.9837655,41.0341513]]]},"properties":{"osm_id":"way/249042578","building":"yes","name":null,"height_m":9,"height_source":"estimate","levels":3,"addr":null}},{"type":"Feature","id":"way/249042581","geometry":{"type":"Polygon","coordinates":[[[28.9837588,41.034301],[28.9838393,41.0343668],[28.9839251,41.0342757],[28.983844,41.0342318],[28.9837588,41.034301]]]},"properties":{"osm_id":"way/249042581","building":"yes","name":null,"height_m":9,"height_source":"estimate","levels":3,"addr":null}},{"type":"Feature","id":"way/249042583","geometry":{"type":"Polygon","coordinates":[[[28.9838621,41.0340846],[28.9839233,41.0340228],[28.9839453,41.034036],[28.9840402,41.0339679],[28.9841196,41.0340491],[28.983964,41.0341695],[28.9838621,41.0340846]]]},"properties":{"osm_id":"way/249042583","building":"yes","name":null,"height_m":9,"height_source":"estimate","levels":3,"addr":null}},{"type":"Feature","id":"way/249042584","geometry":{"type":"Polygon","coordinates":[[[28.9839895,41.0341887],[28.9841524,41.0340592],[28.9842162,41.0341389],[28.9840727,41.0342494],[28.9839895,41.0341887]]]},"properties":{"osm_id":"way/249042584","building":"yes","name":null,"height_m":9,"height_source":"estimate","levels":3,"addr":null}},{"type":"Feature","id":"way/249042587","geometry":{"type":"Polygon","coordinates":[[[28.9841524,41.0340592],[28.9842562,41.0339832],[28.9843012,41.0340406],[28.9843275,41.0340755],[28.9843701,41.0341308],[28.9843778,41.0341362],[28.9843015,41.034171],[28.9842794,41.0341811],[28.9842458,41.0341391],[28.9842243,41.0341489],[28.9842162,41.0341389],[28.9841524,41.0340592]]]},"properties":{"osm_id":"way/249042587","building":"yes","name":null,"height_m":9,"height_source":"estimate","levels":3,"addr":null}},{"type":"Feature","id":"way/249042589","geometry":{"type":"Polygon","coordinates":[[[28.9842562,41.0339832],[28.9843514,41.0339209],[28.9844088,41.0339906],[28.9843273,41.0340263],[28.9843012,41.0340406],[28.9842562,41.0339832]]]},"properties":{"osm_id":"way/249042589","building":"yes","name":null,"height_m":9,"height_source":"estimate","levels":3,"addr":{"housenumber":"26","street":"Sıraselviler Caddesi"}}},{"type":"Feature","id":"way/249042593","geometry":{"type":"Polygon","coordinates":[[[28.9844088,41.0339906],[28.9844657,41.0339656],[28.9844928,41.0340008],[28.9844741,41.0340089],[28.9844997,41.0340421],[28.9844798,41.0340508],[28.9844883,41.034062],[28.9844981,41.0340747],[28.9844026,41.0341166],[28.9843701,41.0341308],[28.9843275,41.0340755],[28.9843557,41.0340631],[28.9843273,41.0340263],[28.9844088,41.0339906]]]},"properties":{"osm_id":"way/249042593","building":"yes","name":null,"height_m":9,"height_source":"estimate","levels":3,"addr":{"housenumber":"24","street":"Sıraselviler Caddesi"}}},{"type":"Feature","id":"way/249042594","geometry":{"type":"Polygon","coordinates":[[[28.9844981,41.0340747],[28.984501,41.0341163],[28.9845015,41.0341305],[28.9843453,41.0341987],[28.9843288,41.0342059],[28.9843015,41.034171],[28.9843778,41.0341362],[28.9844073,41.0341245],[28.9844026,41.0341166],[28.9844981,41.0340747]]]},"properties":{"osm_id":"way/249042594","building":"yes","name":null,"height_m":9,"height_source":"estimate","levels":3,"addr":{"housenumber":"22","street":"Sıraselviler Caddesi"}}},{"type":"Feature","id":"way/249042598","geometry":{"type":"Polygon","coordinates":[[[28.9839667,41.0344346],[28.9841048,41.0343091],[28.9842121,41.0343789],[28.9840847,41.0345024],[28.9839667,41.0344346]]]},"properties":{"osm_id":"way/249042598","building":"yes","name":null,"height_m":9,"height_source":"estimate","levels":3,"addr":null}},{"type":"Feature","id":"way/249042600","geometry":{"type":"Polygon","coordinates":[[[28.9841048,41.0343091],[28.9841854,41.0342411],[28.9842595,41.0342899],[28.9842036,41.0343446],[28.9842276,41.0343602],[28.9842121,41.0343789],[28.9841048,41.0343091]]]},"properties":{"osm_id":"way/249042600","building":"yes","name":null,"height_m":9,"height_source":"estimate","levels":3,"addr":null}},{"type":"Feature","id":"way/249042603","geometry":{"type":"Polygon","coordinates":[[[28.9840847,41.0345024],[28.9840686,41.0345206],[28.984129,41.0345448],[28.984302,41.0344052],[28.9842276,41.0343602],[28.9842121,41.0343789],[28.9840847,41.0345024]]]},"properties":{"osm_id":"way/249042603","building":"yes","name":null,"height_m":9,"height_source":"estimate","levels":3,"addr":null}},{"type":"Feature","id":"way/249042607","geometry":{"type":"Polygon","coordinates":[[[28.984305,41.0343349],[28.98431,41.0344022],[28.9845477,41.0343833],[28.9845437,41.0343611],[28.9845246,41.0342538],[28.984305,41.0343349]]]},"properties":{"osm_id":"way/249042607","building":"yes","name":null,"height_m":9,"height_source":"estimate","levels":3,"addr":{"housenumber":"16","street":"Sıraselviler Caddesi"}}},{"type":"Feature","id":"way/249042609","geometry":{"type":"Polygon","coordinates":[[[28.9845477,41.0343833],[28.984551,41.0344064],[28.9845578,41.0344544],[28.9843248,41.034475],[28.98431,41.0344022],[28.9845477,41.0343833]]]},"properties":{"osm_id":"way/249042609","building":"yes","name":null,"height_m":9,"height_source":"estimate","levels":3,"addr":{"housenumber":"14","street":"Sıraselviler Caddesi"}}},{"type":"Feature","id":"way/249042615","geometry":{"type":"Polygon","coordinates":[[[28.9844401,41.0357547],[28.9845501,41.0357365],[28.9845152,41.0355726],[28.9844531,41.0355799],[28.9844567,41.0355963],[28.9844,41.0356035],[28.9844075,41.0356375],[28.9844401,41.0357547]]]},"properties":{"osm_id":"way/249042615","building":"yes","name":null,"height_m":9,"height_source":"estimate","levels":3,"addr":null}},{"type":"Feature","id":"way/249216417","geometry":{"type":"Polygon","coordinates":[[[28.9851382,41.0349814],[28.9854674,41.034911],[28.9854299,41.0348018],[28.9851482,41.0348544],[28.9851643,41.034907],[28.9851382,41.0349814]]]},"properties":{"osm_id":"way/249216417","building":"yes","name":null,"height_m":9,"height_source":"estimate","levels":3,"addr":null}},{"type":"Feature","id":"way/249216418","geometry":{"type":"Polygon","coordinates":[[[28.984703,41.0346136],[28.9847242,41.0347203],[28.9848992,41.0347059],[28.9848868,41.0345914],[28.984703,41.0346136]]]},"properties":{"osm_id":"way/249216418","building":"hotel","name":null,"height_m":9,"height_source":"estimate","levels":3,"addr":null}},{"type":"Feature","id":"way/249216419","geometry":{"type":"Polygon","coordinates":[[[28.9849953,41.0346844],[28.9849846,41.0345651],[28.9852448,41.0345367],[28.9852501,41.0346581],[28.9849953,41.0346844]]]},"properties":{"osm_id":"way/249216419","building":"yes","name":null,"height_m":9,"height_source":"estimate","levels":3,"addr":null}},{"type":"Feature","id":"way/249216420","geometry":{"type":"Polygon","coordinates":[[[28.9846788,41.0345307],[28.984703,41.0346136],[28.9848868,41.0345914],[28.9849015,41.0345024],[28.9848358,41.0345107],[28.9846788,41.0345307]]]},"properties":{"osm_id":"way/249216420","building":"yes","name":null,"height_m":9,"height_source":"estimate","levels":3,"addr":null}},{"type":"Feature","id":"way/249216421","geometry":{"type":"Polygon","coordinates":[[[28.9846788,41.0345307],[28.9846332,41.034381],[28.9848478,41.0343506],[28.9848746,41.0344174],[28.9848358,41.0345107],[28.9846788,41.0345307]]]},"properties":{"osm_id":"way/249216421","building":"yes","name":null,"height_m":9,"height_source":"estimate","levels":3,"addr":null}},{"type":"Feature","id":"way/249216422","geometry":{"type":"Polygon","coordinates":[[[28.9849846,41.0345651],[28.9850329,41.0344113],[28.9850904,41.0344235],[28.9852453,41.0344563],[28.9852716,41.0344619],[28.9852448,41.0345367],[28.9849846,41.0345651]]]},"properties":{"osm_id":"way/249216422","building":"yes","name":null,"height_m":9,"height_source":"estimate","levels":3,"addr":null}},{"type":"Feature","id":"way/249216423","geometry":{"type":"Polygon","coordinates":[[[28.9850904,41.0344235],[28.9850678,41.0343708],[28.9851515,41.0343622],[28.9852448,41.0343526],[28.9852453,41.0344563],[28.9850904,41.0344235]]]},"properties":{"osm_id":"way/249216423","building":"yes","name":null,"height_m":9,"height_source":"estimate","levels":3,"addr":null}},{"type":"Feature","id":"way/249216424","geometry":{"type":"Polygon","coordinates":[[[28.9853252,41.034476],[28.9853145,41.034383],[28.9854915,41.0343708],[28.9854889,41.0344578],[28.985383,41.0344696],[28.9853252,41.034476]]]},"properties":{"osm_id":"way/249216424","building":"yes","name":null,"height_m":9,"height_source":"estimate","levels":3,"addr":null}},{"type":"Feature","id":"way/249216425","geometry":{"type":"Polygon","coordinates":[[[28.985383,41.0344696],[28.9853816,41.0345226],[28.9854472,41.0345279],[28.9854808,41.0345307],[28.9854889,41.0344578],[28.985383,41.0344696]]]},"properties":{"osm_id":"way/249216425","building":"yes","name":null,"height_m":9,"height_source":"estimate","levels":3,"addr":null}},{"type":"Feature","id":"way/249216426","geometry":{"type":"Polygon","coordinates":[[[28.9853816,41.0345226],[28.9853387,41.0345266],[28.985336,41.0346703],[28.985403,41.0346641],[28.9855103,41.0346541],[28.9854472,41.0345279],[28.9853816,41.0345226]]]},"properties":{"osm_id":"way/249216426","building":"yes","name":null,"height_m":9,"height_source":"estimate","levels":3,"addr":null}},{"type":"Feature","id":"way/249216427","geometry":{"type":"Polygon","coordinates":[[[28.9854138,41.034737],[28.985403,41.0346641],[28.9855103,41.0346541],[28.9855264,41.0347269],[28.9854138,41.034737]]]},"properties":{"osm_id":"way/249216427","building":"yes","name":null,"height_m":9,"height_source":"estimate","levels":3,"addr":null}},{"type":"Feature","id":"way/249216428","geometry":{"type":"Polygon","coordinates":[[[28.9846708,41.0343567],[28.9846482,41.0342638],[28.9848817,41.0342307],[28.985133,41.0341951],[28.9851616,41.0341887],[28.9851724,41.0342515],[28.9849873,41.0342757],[28.9849927,41.0343122],[28.9851455,41.034298],[28.9851515,41.0343622],[28.9850678,41.0343708],[28.9849417,41.0343668],[28.9849229,41.0343223],[28.9846708,41.0343567]]]},"properties":{"osm_id":"way/249216428","building":"yes","name":null,"height_m":9,"height_source":"estimate","levels":3,"addr":null}},{"type":"Feature","id":"way/249216429","geometry":{"type":"Polygon","coordinates":[[[28.9846482,41.0342638],[28.9846375,41.034221],[28.984871,41.0341879],[28.9848817,41.0342307],[28.9846482,41.0342638]]]},"properties":{"osm_id":"way/249216429","building":"yes","name":null,"height_m":9,"height_source":"estimate","levels":3,"addr":null}},{"type":"Feature","id":"way/249216430","geometry":{"type":"Polygon","coordinates":[[[28.9846375,41.034221],[28.9846124,41.0341201],[28.9848168,41.0340911],[28.9848459,41.034087],[28.9848579,41.0341352],[28.984871,41.0341879],[28.9846375,41.034221]]]},"properties":{"osm_id":"way/249216430","building":"yes","name":null,"height_m":9,"height_source":"estimate","levels":3,"addr":null}},{"type":"Feature","id":"way/249216431","geometry":{"type":"Polygon","coordinates":[[[28.9848579,41.0341352],[28.9851092,41.0340996],[28.985133,41.0341951],[28.9848817,41.0342307],[28.984871,41.0341879],[28.9848579,41.0341352]]]},"properties":{"osm_id":"way/249216431","building":"yes","name":null,"height_m":9,"height_source":"estimate","levels":3,"addr":null}},{"type":"Feature","id":"way/249216432","geometry":{"type":"Polygon","coordinates":[[[28.9846124,41.0341201],[28.9846024,41.0340798],[28.9848068,41.0340508],[28.9848168,41.0340911],[28.9846124,41.0341201]]]},"properties":{"osm_id":"way/249216432","building":"yes","name":null,"height_m":9,"height_source":"estimate","levels":3,"addr":null}},{"type":"Feature","id":"way/249216433","geometry":{"type":"Polygon","coordinates":[[[28.9846024,41.0340798],[28.9845796,41.0340411],[28.9846239,41.0340333],[28.984821,41.0339986],[28.9848163,41.0339494],[28.9848129,41.0339136],[28.9849605,41.0339075],[28.9849873,41.0340471],[28.9848585,41.0340633],[28.9848559,41.0340269],[28.9848068,41.0340508],[28.9846024,41.0340798]]]},"properties":{"osm_id":"way/249216433","building":"yes","name":null,"height_m":9,"height_source":"estimate","levels":3,"addr":null}},{"type":"Feature","id":"way/249216434","geometry":{"type":"Polygon","coordinates":[[[28.9846239,41.0340333],[28.9845876,41.0339884],[28.9848163,41.0339494],[28.984821,41.0339986],[28.9846239,41.0340333]]]},"properties":{"osm_id":"way/249216434","building":"yes","name":null,"height_m":9,"height_source":"estimate","levels":3,"addr":null}},{"type":"Feature","id":"way/249216435","geometry":{"type":"Polygon","coordinates":[[[28.9845876,41.0339884],[28.9845501,41.0339965],[28.984545,41.0339803],[28.9845286,41.0339278],[28.9847486,41.0338569],[28.9848163,41.0339494],[28.9845876,41.0339884]]]},"properties":{"osm_id":"way/249216435","building":"yes","name":null,"height_m":9,"height_source":"estimate","levels":3,"addr":null}},{"type":"Feature","id":"way/249216436","geometry":{"type":"Polygon","coordinates":[[[28.9845286,41.0339278],[28.9844562,41.0337457],[28.9846152,41.0336839],[28.9846386,41.0336748],[28.9846976,41.0337881],[28.9847566,41.0337639],[28.9847834,41.0338488],[28.9847486,41.0338569],[28.9845286,41.0339278]]]},"properties":{"osm_id":"way/249216436","building":"yes","name":null,"height_m":9,"height_source":"estimate","levels":3,"addr":null}},{"type":"Feature","id":"way/249216437","geometry":{"type":"Polygon","coordinates":[[[28.9846386,41.0336748],[28.9847033,41.0336456],[28.9847325,41.0336324],[28.9847664,41.0336853],[28.9848076,41.0337497],[28.9847566,41.0337639],[28.9846976,41.0337881],[28.9846386,41.0336748]]]},"properties":{"osm_id":"way/249216437","building":"yes","name":null,"height_m":9,"height_source":"estimate","levels":3,"addr":null}},{"type":"Feature","id":"way/249216438","geometry":{"type":"Polygon","coordinates":[[[28.9844562,41.0337457],[28.9843462,41.0336364],[28.9845206,41.0335757],[28.9846152,41.0336839],[28.9844562,41.0337457]]]},"properties":{"osm_id":"way/249216438","building":"yes","name":null,"height_m":9,"height_source":"estimate","levels":3,"addr":null}},{"type":"Feature","id":"way/249216439","geometry":{"type":"Polygon","coordinates":[[[28.9845206,41.0335757],[28.9846492,41.0335369],[28.9846681,41.0335312],[28.9847033,41.0336456],[28.9846386,41.0336748],[28.9846152,41.0336839],[28.9845206,41.0335757]]]},"properties":{"osm_id":"way/249216439","building":"yes","name":null,"height_m":9,"height_source":"estimate","levels":3,"addr":null}},{"type":"Feature","id":"way/249216440","geometry":{"type":"Polygon","coordinates":[[[28.9847405,41.033604],[28.9847298,41.0335352],[28.9848478,41.0335312],[28.9848424,41.033602],[28.9847405,41.033604]]]},"properties":{"osm_id":"way/249216440","building":"yes","name":null,"height_m":9,"height_source":"estimate","levels":3,"addr":null}},{"type":"Feature","id":"way/249216441","geometry":{"type":"Polygon","coordinates":[[[28.9847664,41.0336853],[28.984872,41.0336688],[28.9848639,41.0336384],[28.9849766,41.0336283],[28.9849712,41.0337376],[28.9850597,41.0337315],[28.9850624,41.0338468],[28.9850007,41.0338549],[28.9850007,41.0338327],[28.984931,41.0338408],[28.9849176,41.0337962],[28.9848612,41.0338104],[28.9848532,41.0337578],[28.9848076,41.0337497],[28.9847664,41.0336853]]]},"properties":{"osm_id":"way/249216441","building":"yes","name":null,"height_m":9,"height_source":"estimate","levels":3,"addr":null}},{"type":"Feature","id":"way/249216442","geometry":{"type":"Polygon","coordinates":[[[28.9848612,41.0335939],[28.9848693,41.0335271],[28.984931,41.0335352],[28.9849444,41.0336],[28.9848612,41.0335939]]]},"properties":{"osm_id":"way/249216442","building":"yes","name":null,"height_m":9,"height_source":"estimate","levels":3,"addr":null}},{"type":"Feature","id":"way/249216443","geometry":{"type":"Polygon","coordinates":[[[28.9850621,41.033709],[28.9850627,41.0335309],[28.9853323,41.0335315],[28.9853316,41.0337095],[28.9850621,41.033709]]]},"properties":{"osm_id":"way/249216443","building":"yes","name":null,"height_m":9,"height_source":"estimate","levels":3,"addr":null}},{"type":"Feature","id":"way/249216444","geometry":{"type":"Polygon","coordinates":[[[28.9851927,41.0338811],[28.9852064,41.033743],[28.9854324,41.0337559],[28.9854186,41.0338939],[28.9851927,41.0338811]]]},"properties":{"osm_id":"way/249216444","building":"yes","name":null,"height_m":9,"height_source":"estimate","levels":3,"addr":null}},{"type":"Feature","id":"way/249216445","geometry":{"type":"Polygon","coordinates":[[[28.9854161,41.0341815],[28.985494,41.0339949],[28.9856381,41.0340291],[28.9855602,41.0342157],[28.9854161,41.0341815]]]},"properties":{"osm_id":"way/249216445","building":"yes","name":null,"height_m":9,"height_source":"estimate","levels":3,"addr":null}},{"type":"Feature","id":"way/249216446","geometry":{"type":"Polygon","coordinates":[[[28.9855648,41.0339007],[28.9855831,41.0338007],[28.9857214,41.0338152],[28.9857031,41.0339152],[28.9855648,41.0339007]]]},"properties":{"osm_id":"way/249216446","building":"yes","name":null,"height_m":9,"height_source":"estimate","levels":3,"addr":null}},{"type":"Feature","id":"way/249216447","geometry":{"type":"Polygon","coordinates":[[[28.9855876,41.0337422],[28.9856526,41.033592],[28.9857945,41.033627],[28.9857296,41.0337771],[28.9855876,41.0337422]]]},"properties":{"osm_id":"way/249216447","building":"yes","name":null,"height_m":9,"height_source":"estimate","levels":3,"addr":null}},{"type":"Feature","id":"way/249216448","geometry":{"type":"Polygon","coordinates":[[[28.985535,41.0337061],[28.9855753,41.0335958],[28.9853649,41.0335522],[28.9853557,41.0335774],[28.9854419,41.0335953],[28.9854109,41.0336804],[28.985535,41.0337061]]]},"properties":{"osm_id":"way/249216448","building":"yes","name":null,"height_m":9,"height_source":"estimate","levels":3,"addr":null}},{"type":"Feature","id":"way/249216450","geometry":{"type":"Polygon","coordinates":[[[28.9853801,41.0335245],[28.9854901,41.0332879],[28.9856928,41.0333416],[28.9855828,41.0335782],[28.9853801,41.0335245]]]},"properties":{"osm_id":"way/249216450","building":"yes","name":null,"height_m":9,"height_source":"estimate","levels":3,"addr":null}},{"type":"Feature","id":"way/249216451","geometry":{"type":"Polygon","coordinates":[[[28.9856878,41.0335105],[28.9858655,41.0335543],[28.9858303,41.0336358],[28.9857945,41.033627],[28.9856526,41.033592],[28.9856878,41.0335105]]]},"properties":{"osm_id":"way/249216451","building":"yes","name":null,"height_m":9,"height_source":"estimate","levels":3,"addr":null}},{"type":"Feature","id":"way/249216452","geometry":{"type":"Polygon","coordinates":[[[28.9856878,41.0335105],[28.9857212,41.0334333],[28.9858989,41.0334771],[28.9858655,41.0335543],[28.9856878,41.0335105]]]},"properties":{"osm_id":"way/249216452","building":"yes","name":null,"height_m":9,"height_source":"estimate","levels":3,"addr":null}},{"type":"Feature","id":"way/249216453","geometry":{"type":"Polygon","coordinates":[[[28.9857651,41.0333724],[28.9858047,41.0332808],[28.9859422,41.0333147],[28.9859026,41.0334062],[28.9857651,41.0333724]]]},"properties":{"osm_id":"way/249216453","building":"yes","name":null,"height_m":9,"height_source":"estimate","levels":3,"addr":null}},{"type":"Feature","id":"way/249216454","geometry":{"type":"Polygon","coordinates":[[[28.9858564,41.0331724],[28.9860243,41.0332196],[28.985985,41.0332992],[28.9858171,41.033252],[28.9858564,41.0331724]]]},"properties":{"osm_id":"way/249216454","building":"yes","name":null,"height_m":9,"height_source":"estimate","levels":3,"addr":null}},{"type":"Feature","id":"way/249216455","geometry":{"type":"Polygon","coordinates":[[[28.985522,41.0331419],[28.9855455,41.0330772],[28.9856957,41.0331081],[28.9856723,41.0331729],[28.985522,41.0331419]]]},"properties":{"osm_id":"way/249216455","building":"yes","name":null,"height_m":9,"height_source":"estimate","levels":3,"addr":null}},{"type":"Feature","id":"way/249216456","geometry":{"type":"Polygon","coordinates":[[[28.9854856,41.033285],[28.9855011,41.0332322],[28.9855649,41.0332428],[28.9857012,41.0332656],[28.9857292,41.0331705],[28.9857436,41.0331216],[28.985814,41.0331334],[28.9857561,41.0333303],[28.9854856,41.033285]]]},"properties":{"osm_id":"way/249216456","building":"yes","name":null,"height_m":9,"height_source":"estimate","levels":3,"addr":null}},{"type":"Feature","id":"way/249216457","geometry":{"type":"Polygon","coordinates":[[[28.9856331,41.0332354],[28.9856372,41.0331837],[28.9857027,41.0331866],[28.9856986,41.0332383],[28.9856331,41.0332354]]]},"properties":{"osm_id":"way/249216457","building":"yes","name":null,"height_m":9,"height_source":"estimate","levels":3,"addr":null}},{"type":"Feature","id":"way/249216458","geometry":{"type":"Polygon","coordinates":[[[28.9854591,41.0332251],[28.9854717,41.0331824],[28.9855775,41.0332001],[28.9855649,41.0332428],[28.9855011,41.0332322],[28.9854591,41.0332251]]]},"properties":{"osm_id":"way/249216458","building":"yes","name":null,"height_m":9,"height_source":"estimate","levels":3,"addr":null}},{"type":"Feature","id":"way/249216459","geometry":{"type":"Polygon","coordinates":[[[28.9850624,41.0328898],[28.9850543,41.0328008],[28.9852842,41.032826],[28.9852528,41.0329181],[28.9850624,41.0328898]]]},"properties":{"osm_id":"way/249216459","building":"yes","name":null,"height_m":9,"height_source":"estimate","levels":3,"addr":null}},{"type":"Feature","id":"way/249216460","geometry":{"type":"Polygon","coordinates":[[[28.9850695,41.032784],[28.9850745,41.0326967],[28.98525,41.0327023],[28.9852451,41.0327896],[28.9850695,41.032784]]]},"properties":{"osm_id":"way/249216460","building":"yes","name":null,"height_m":9,"height_source":"estimate","levels":3,"addr":null}},{"type":"Feature","id":"way/249216461","geometry":{"type":"Polygon","coordinates":[[[28.9850745,41.0326967],[28.9850845,41.0326005],[28.9852676,41.0326526],[28.98525,41.0327023],[28.9850745,41.0326967]]]},"properties":{"osm_id":"way/249216461","building":"yes","name":null,"height_m":9,"height_source":"estimate","levels":3,"addr":null}},{"type":"Feature","id":"way/249216462","geometry":{"type":"Polygon","coordinates":[[[28.9850845,41.0326005],[28.9851136,41.0325064],[28.9853078,41.032575],[28.985332,41.0325838],[28.9852676,41.0326526],[28.9850845,41.0326005]]]},"properties":{"osm_id":"way/249216462","building":"yes","name":null,"height_m":9,"height_source":"estimate","levels":3,"addr":null}},{"type":"Feature","id":"way/249216463","geometry":{"type":"Polygon","coordinates":[[[28.9851136,41.0325064],[28.9851746,41.0324082],[28.9853687,41.0324769],[28.9853078,41.032575],[28.9851136,41.0325064]]]},"properties":{"osm_id":"way/249216463","building":"yes","name":null,"height_m":9,"height_source":"estimate","levels":3,"addr":null}},{"type":"Feature","id":"way/249216464","geometry":{"type":"Polygon","coordinates":[[[28.9851746,41.0324082],[28.985234,41.0323127],[28.9854281,41.0323813],[28.9853687,41.0324769],[28.9851746,41.0324082]]]},"properties":{"osm_id":"way/249216464","building":"yes","name":null,"height_m":9,"height_source":"estimate","levels":3,"addr":null}},{"type":"Feature","id":"way/249216465","geometry":{"type":"Polygon","coordinates":[[[28.985234,41.0323127],[28.9852786,41.0322409],[28.9854727,41.0323095],[28.9854281,41.0323813],[28.985234,41.0323127]]]},"properties":{"osm_id":"way/249216465","building":"yes","name":null,"height_m":9,"height_source":"estimate","levels":3,"addr":null}},{"type":"Feature","id":"way/249216466","geometry":{"type":"Polygon","coordinates":[[[28.9852786,41.0322409],[28.9853341,41.0321515],[28.9855282,41.0322202],[28.9854727,41.0323095],[28.9852786,41.0322409]]]},"properties":{"osm_id":"way/249216466","building":"yes","name":null,"height_m":9,"height_source":"estimate","levels":3,"addr":null}},{"type":"Feature","id":"way/249216467","geometry":{"type":"Polygon","coordinates":[[[28.9853341,41.0321515],[28.9853987,41.0320475],[28.9855928,41.0321161],[28.9855282,41.0322202],[28.9853341,41.0321515]]]},"properties":{"osm_id":"way/249216467","building":"yes","name":null,"height_m":9,"height_source":"estimate","levels":3,"addr":null}},{"type":"Feature","id":"way/249216468","geometry":{"type":"Polygon","coordinates":[[[28.9852528,41.0329181],[28.9852842,41.032826],[28.9853011,41.0327765],[28.9853278,41.0327802],[28.9855106,41.0328439],[28.9854433,41.0329485],[28.9852528,41.0329181]]]},"properties":{"osm_id":"way/249216468","building":"yes","name":null,"height_m":9,"height_source":"estimate","levels":3,"addr":null}},{"type":"Feature","id":"way/249216469","geometry":{"type":"Polygon","coordinates":[[[28.9855106,41.0328439],[28.9855975,41.032702],[28.9854147,41.0326382],[28.9853278,41.0327802],[28.9855106,41.0328439]]]},"properties":{"osm_id":"way/249216469","building":"yes","name":null,"height_m":9,"height_source":"estimate","levels":3,"addr":{"housenumber":"37","street":"Cihangir Caddesi"}}},{"type":"Feature","id":"way/249216470","geometry":{"type":"Polygon","coordinates":[[[28.9854147,41.0326382],[28.9853833,41.0326273],[28.9854684,41.0324885],[28.9856826,41.0325632],[28.9855975,41.032702],[28.9854147,41.0326382]]]},"properties":{"osm_id":"way/249216470","building":"yes","name":null,"height_m":9,"height_source":"estimate","levels":3,"addr":{"housenumber":"35","street":"Cihangir Caddesi"}}},{"type":"Feature","id":"way/249216471","geometry":{"type":"Polygon","coordinates":[[[28.9856826,41.0325632],[28.9857229,41.0324975],[28.9855086,41.0324228],[28.9854684,41.0324885],[28.9856826,41.0325632]]]},"properties":{"osm_id":"way/249216471","building":"yes","name":null,"height_m":9,"height_source":"estimate","levels":3,"addr":{"housenumber":"33","street":"Cihangir Caddesi"}}},{"type":"Feature","id":"way/249216472","geometry":{"type":"Polygon","coordinates":[[[28.9855086,41.0324228],[28.9855852,41.0322977],[28.9856298,41.0323133],[28.9856558,41.0322708],[28.9858255,41.03233],[28.9857229,41.0324975],[28.9855086,41.0324228]]]},"properties":{"osm_id":"way/249216472","building":"yes","name":null,"height_m":9,"height_source":"estimate","levels":3,"addr":{"housenumber":"29-31","street":"Cihangir Caddesi"}}},{"type":"Feature","id":"way/249216473","geometry":{"type":"Polygon","coordinates":[[[28.9856558,41.0322708],[28.9856958,41.0322055],[28.9857362,41.0322196],[28.9858655,41.0322647],[28.9858255,41.03233],[28.9856558,41.0322708]]]},"properties":{"osm_id":"way/249216473","building":"yes","name":null,"height_m":9,"height_source":"estimate","levels":3,"addr":null}},{"type":"Feature","id":"way/249216474","geometry":{"type":"Polygon","coordinates":[[[28.9857362,41.0322196],[28.9857691,41.0321659],[28.9858984,41.032211],[28.9858655,41.0322647],[28.9857362,41.0322196]]]},"properties":{"osm_id":"way/249216474","building":"yes","name":null,"height_m":9,"height_source":"estimate","levels":3,"addr":null}},{"type":"Feature","id":"way/249216475","geometry":{"type":"Polygon","coordinates":[[[28.985851,41.0330861],[28.9858711,41.0330618],[28.9858778,41.0330537],[28.9859395,41.0330719],[28.9859234,41.0331063],[28.985851,41.0330861]]]},"properties":{"osm_id":"way/249216475","building":"yes","name":null,"height_m":9,"height_source":"estimate","levels":3,"addr":null}},{"type":"Feature","id":"way/249216476","geometry":{"type":"Polygon","coordinates":[[[28.9859234,41.0331063],[28.9860468,41.0331569],[28.9861406,41.0330051],[28.9860532,41.0329754],[28.9860038,41.0329586],[28.9859743,41.0330112],[28.9859127,41.0329991],[28.9858778,41.0330537],[28.9859395,41.0330719],[28.9859234,41.0331063]]]},"properties":{"osm_id":"way/249216476","building":"yes","name":null,"height_m":9,"height_source":"estimate","levels":3,"addr":null}},{"type":"Feature","id":"way/249216477","geometry":{"type":"Polygon","coordinates":[[[28.9861406,41.0330051],[28.9861996,41.0329222],[28.9861111,41.0328878],[28.9860785,41.0329372],[28.9860532,41.0329754],[28.9861406,41.0330051]]]},"properties":{"osm_id":"way/249216477","building":"yes","name":null,"height_m":9,"height_source":"estimate","levels":3,"addr":null}},{"type":"Feature","id":"way/249216478","geometry":{"type":"Polygon","coordinates":[[[28.9860785,41.0329372],[28.9859529,41.0328959],[28.9859609,41.0328696],[28.9859127,41.0328494],[28.9858992,41.0328837],[28.9858268,41.0328534],[28.9858671,41.0327806],[28.9860704,41.0328442],[28.9861192,41.0328595],[28.9861111,41.0328878],[28.9860785,41.0329372]]]},"properties":{"osm_id":"way/249216478","building":"yes","name":null,"height_m":9,"height_source":"estimate","levels":3,"addr":null}},{"type":"Feature","id":"way/249216479","geometry":{"type":"Polygon","coordinates":[[[28.9858671,41.0327806],[28.9859046,41.0327178],[28.9860848,41.0327726],[28.9861111,41.0327806],[28.9860704,41.0328442],[28.9858671,41.0327806]]]},"properties":{"osm_id":"way/249216479","building":"yes","name":null,"height_m":9,"height_source":"estimate","levels":3,"addr":null}},{"type":"Feature","id":"way/249216480","geometry":{"type":"Polygon","coordinates":[[[28.9861996,41.0329222],[28.9862506,41.032817],[28.9861111,41.0327806],[28.9860704,41.0328442],[28.9861192,41.0328595],[28.9861111,41.0328878],[28.9861996,41.0329222]]]},"properties":{"osm_id":"way/249216480","building":"yes","name":null,"height_m":9,"height_source":"estimate","levels":3,"addr":null}},{"type":"Feature","id":"way/249216481","geometry":{"type":"Polygon","coordinates":[[[28.9859046,41.0327178],[28.9859529,41.0326612],[28.9861299,41.0327219],[28.9860848,41.0327726],[28.9859046,41.0327178]]]},"properties":{"osm_id":"way/249216481","building":"yes","name":null,"height_m":9,"height_source":"estimate","levels":3,"addr":null}},{"type":"Feature","id":"way/249216482","geometry":{"type":"Polygon","coordinates":[[[28.9859529,41.0326612],[28.985977,41.0326066],[28.9861916,41.0326652],[28.9861734,41.0326927],[28.986154,41.0327219],[28.9861299,41.0327219],[28.9859529,41.0326612]]]},"properties":{"osm_id":"way/249216482","building":"yes","name":null,"height_m":9,"height_source":"estimate","levels":3,"addr":null}},{"type":"Feature","id":"way/249216483","geometry":{"type":"Polygon","coordinates":[[[28.985977,41.0326066],[28.9860199,41.0325398],[28.9861698,41.0325869],[28.9862131,41.0326005],[28.9862052,41.0326243],[28.9861995,41.0326414],[28.9861916,41.0326652],[28.985977,41.0326066]]]},"properties":{"osm_id":"way/249216483","building":"yes","name":null,"height_m":9,"height_source":"estimate","levels":3,"addr":null}},{"type":"Feature","id":"way/249216484","geometry":{"type":"Polygon","coordinates":[[[28.9860199,41.0325398],[28.9860441,41.0324831],[28.9861742,41.0325201],[28.9862077,41.0325297],[28.9861698,41.0325869],[28.9860199,41.0325398]]]},"properties":{"osm_id":"way/249216484","building":"yes","name":null,"height_m":9,"height_source":"estimate","levels":3,"addr":null}},{"type":"Feature","id":"way/249216485","geometry":{"type":"Polygon","coordinates":[[[28.9860441,41.0324831],[28.9861192,41.0323779],[28.9862426,41.0324204],[28.9861742,41.0325201],[28.9860441,41.0324831]]]},"properties":{"osm_id":"way/249216485","building":"yes","name":null,"height_m":9,"height_source":"estimate","levels":3,"addr":null}},{"type":"Feature","id":"way/249216486","geometry":{"type":"Polygon","coordinates":[[[28.9861192,41.0323779],[28.9861567,41.0323314],[28.9863285,41.0323898],[28.9863472,41.0323961],[28.9863123,41.0324366],[28.9862426,41.0324204],[28.9861192,41.0323779]]]},"properties":{"osm_id":"way/249216486","building":"yes","name":null,"height_m":9,"height_source":"estimate","levels":3,"addr":null}},{"type":"Feature","id":"way/249216487","geometry":{"type":"Polygon","coordinates":[[[28.9861567,41.0323314],[28.9862238,41.0322221],[28.9864571,41.0323091],[28.986441,41.0323415],[28.9863686,41.0323233],[28.9863408,41.0323695],[28.9863285,41.0323898],[28.9861567,41.0323314]]]},"properties":{"osm_id":"way/249216487","building":"yes","name":null,"height_m":9,"height_source":"estimate","levels":3,"addr":null}},{"type":"Feature","id":"way/249216488","geometry":{"type":"Polygon","coordinates":[[[28.9864571,41.0323091],[28.986551,41.0323536],[28.9864974,41.0324123],[28.9863875,41.0323823],[28.9863408,41.0323695],[28.9863686,41.0323233],[28.986441,41.0323415],[28.9864571,41.0323091]]]},"properties":{"osm_id":"way/249216488","building":"yes","name":null,"height_m":9,"height_source":"estimate","levels":3,"addr":null}},{"type":"Feature","id":"way/249216489","geometry":{"type":"Polygon","coordinates":[[[28.9864974,41.0324123],[28.9864679,41.0324771],[28.9863579,41.0324427],[28.9863875,41.0323823],[28.9864974,41.0324123]]]},"properties":{"osm_id":"way/249216489","building":"yes","name":null,"height_m":9,"height_source":"estimate","levels":3,"addr":null}},{"type":"Feature","id":"way/249216490","geometry":{"type":"Polygon","coordinates":[[[28.9864679,41.0324771],[28.9864357,41.0325135],[28.9863123,41.0324771],[28.9863311,41.0324427],[28.9863579,41.0324427],[28.9864679,41.0324771]]]},"properties":{"osm_id":"way/249216490","building":"yes","name":"CihangirFlat","height_m":9,"height_source":"estimate","levels":3,"addr":{"housenumber":"54","neighbourhood":"Cihangir Mah.","street":"Başkurt Sokağı"}}},{"type":"Feature","id":"way/249216491","geometry":{"type":"Polygon","coordinates":[[[28.9864357,41.0325135],[28.9864035,41.0325701],[28.9862292,41.0325196],[28.986264,41.0324568],[28.9863123,41.0324771],[28.9864357,41.0325135]]]},"properties":{"osm_id":"way/249216491","building":"yes","name":null,"height_m":9,"height_source":"estimate","levels":3,"addr":null}},{"type":"Feature","id":"way/249216492","geometry":{"type":"Polygon","coordinates":[[[28.9864035,41.0325701],[28.9863659,41.0326288],[28.9862283,41.0325845],[28.9862023,41.0325762],[28.9862292,41.0325196],[28.9864035,41.0325701]]]},"properties":{"osm_id":"way/249216492","building":"yes","name":null,"height_m":9,"height_source":"estimate","levels":3,"addr":null}},{"type":"Feature","id":"way/249216493","geometry":{"type":"Polygon","coordinates":[[[28.9863659,41.0326288],[28.9863472,41.0326652],[28.9862052,41.0326243],[28.9862131,41.0326005],[28.9862283,41.0325845],[28.9863659,41.0326288]]]},"properties":{"osm_id":"way/249216493","building":"yes","name":null,"height_m":9,"height_source":"estimate","levels":3,"addr":null}},{"type":"Feature","id":"way/249216494","geometry":{"type":"Polygon","coordinates":[[[28.9863472,41.0326652],[28.9863177,41.032734],[28.986202,41.032701],[28.9861734,41.0326927],[28.9861916,41.0326652],[28.9861995,41.0326414],[28.9863472,41.0326652]]]},"properties":{"osm_id":"way/249216494","building":"yes","name":null,"height_m":9,"height_source":"estimate","levels":3,"addr":null}},{"type":"Feature","id":"way/249216495","geometry":{"type":"Polygon","coordinates":[[[28.9863177,41.032734],[28.9862801,41.0327947],[28.9861648,41.0327684],[28.986202,41.032701],[28.9863177,41.032734]]]},"properties":{"osm_id":"way/249216495","building":"yes","name":null,"height_m":9,"height_source":"estimate","levels":3,"addr":null}},{"type":"Feature","id":"way/249216496","geometry":{"type":"Polygon","coordinates":[[[28.9862649,41.0321421],[28.9863832,41.0319632],[28.9865529,41.032027],[28.9864346,41.0322059],[28.9862649,41.0321421]]]},"properties":{"osm_id":"way/249216496","building":"yes","name":null,"height_m":9,"height_source":"estimate","levels":3,"addr":null}},{"type":"Feature","id":"way/249216497","geometry":{"type":"Polygon","coordinates":[[[28.9864346,41.0322059],[28.986572,41.0322576],[28.9867177,41.0320371],[28.9865803,41.0319854],[28.9865529,41.032027],[28.9864346,41.0322059]]]},"properties":{"osm_id":"way/249216497","building":"yes","name":null,"height_m":9,"height_source":"estimate","levels":3,"addr":null}},{"type":"Feature","id":"way/249216498","geometry":{"type":"Polygon","coordinates":[[[28.986416,41.0319294],[28.9864905,41.0318032],[28.9866171,41.0318457],[28.9865426,41.0319719],[28.986416,41.0319294]]]},"properties":{"osm_id":"way/249216498","building":"yes","name":null,"height_m":9,"height_source":"estimate","levels":3,"addr":null}},{"type":"Feature","id":"way/249216499","geometry":{"type":"Polygon","coordinates":[[[28.9866213,41.0318944],[28.9866643,41.0318216],[28.9866932,41.0318312],[28.9868276,41.0318763],[28.9867846,41.0319492],[28.9866213,41.0318944]]]},"properties":{"osm_id":"way/249216499","building":"yes","name":null,"height_m":9,"height_source":"estimate","levels":3,"addr":null}},{"type":"Feature","id":"way/249216500","geometry":{"type":"Polygon","coordinates":[[[28.9864905,41.0318032],[28.9865126,41.0317656],[28.9866121,41.031799],[28.9866392,41.0318081],[28.9866171,41.0318457],[28.9864905,41.0318032]]]},"properties":{"osm_id":"way/249216500","building":"yes","name":null,"height_m":9,"height_source":"estimate","levels":3,"addr":null}},{"type":"Feature","id":"way/249216501","geometry":{"type":"Polygon","coordinates":[[[28.9865126,41.0317656],[28.9865386,41.0317215],[28.9866381,41.0317549],[28.9866121,41.031799],[28.9865126,41.0317656]]]},"properties":{"osm_id":"way/249216501","building":"yes","name":null,"height_m":9,"height_source":"estimate","levels":3,"addr":null}},{"type":"Feature","id":"way/249216502","geometry":{"type":"Polygon","coordinates":[[[28.9865386,41.0317215],[28.9865738,41.0316618],[28.9866734,41.0316952],[28.9866381,41.0317549],[28.9865386,41.0317215]]]},"properties":{"osm_id":"way/249216502","building":"yes","name":null,"height_m":9,"height_source":"estimate","levels":3,"addr":null}},{"type":"Feature","id":"way/249216503","geometry":{"type":"Polygon","coordinates":[[[28.9865738,41.0316618],[28.9866941,41.0314578],[28.9867937,41.0314912],[28.9866734,41.0316952],[28.9865738,41.0316618]]]},"properties":{"osm_id":"way/249216503","building":"yes","name":null,"height_m":9,"height_source":"estimate","levels":3,"addr":null}},{"type":"Feature","id":"way/249216504","geometry":{"type":"Polygon","coordinates":[[[28.9866941,41.0314578],[28.98676,41.031346],[28.9869608,41.0314134],[28.9870043,41.031428],[28.9869385,41.0315398],[28.9868772,41.0315192],[28.9867937,41.0314912],[28.9866941,41.0314578]]]},"properties":{"osm_id":"way/249216504","building":"yes","name":null,"height_m":9,"height_source":"estimate","levels":3,"addr":null}},{"type":"Feature","id":"way/249216505","geometry":{"type":"Polygon","coordinates":[[[28.98676,41.031346],[28.9868422,41.0312067],[28.9872,41.0313268],[28.9871479,41.0314152],[28.9869908,41.0313625],[28.9869608,41.0314134],[28.98676,41.031346]]]},"properties":{"osm_id":"way/249216505","building":"yes","name":null,"height_m":9,"height_source":"estimate","levels":3,"addr":null}},{"type":"Feature","id":"way/249216506","geometry":{"type":"Polygon","coordinates":[[[28.9871479,41.0314152],[28.9871179,41.0314661],[28.9870043,41.031428],[28.9869608,41.0314134],[28.9869908,41.0313625],[28.9871479,41.0314152]]]},"properties":{"osm_id":"way/249216506","building":"yes","name":null,"height_m":9,"height_source":"estimate","levels":3,"addr":null}},{"type":"Feature","id":"way/249216507","geometry":{"type":"Polygon","coordinates":[[[28.9869385,41.0315398],[28.9870116,41.0315643],[28.9869717,41.0316319],[28.9868373,41.0315869],[28.9868772,41.0315192],[28.9869385,41.0315398]]]},"properties":{"osm_id":"way/249216507","building":"yes","name":null,"height_m":9,"height_source":"estimate","levels":3,"addr":null}},{"type":"Feature","id":"way/249216508","geometry":{"type":"Polygon","coordinates":[[[28.9869717,41.0316319],[28.9869117,41.0317337],[28.9867773,41.0316886],[28.9868373,41.0315869],[28.9869717,41.0316319]]]},"properties":{"osm_id":"way/249216508","building":"yes","name":null,"height_m":9,"height_source":"estimate","levels":3,"addr":null}},{"type":"Feature","id":"way/249216509","geometry":{"type":"Polygon","coordinates":[[[28.9869117,41.0317337],[28.9868577,41.0318252],[28.9867233,41.0317801],[28.9867773,41.0316886],[28.9869117,41.0317337]]]},"properties":{"osm_id":"way/249216509","building":"yes","name":null,"height_m":9,"height_source":"estimate","levels":3,"addr":null}},{"type":"Feature","id":"way/249216511","geometry":{"type":"Polygon","coordinates":[[[28.9867233,41.0317801],[28.9866932,41.0318312],[28.9868276,41.0318763],[28.9868577,41.0318252],[28.9867233,41.0317801]]]},"properties":{"osm_id":"way/249216511","building":"yes","name":null,"height_m":9,"height_source":"estimate","levels":3,"addr":null}},{"type":"Feature","id":"way/272839772","geometry":{"type":"Polygon","coordinates":[[[28.9868329,41.0311522],[28.9869013,41.0310409],[28.9869307,41.0310413],[28.9870957,41.0310435],[28.9871333,41.031044],[28.9871427,41.0310905],[28.9869924,41.0311006],[28.9869348,41.0311805],[28.9868329,41.0311522]]]},"properties":{"osm_id":"way/272839772","building":"yes","name":null,"height_m":9,"height_source":"estimate","levels":3,"addr":null}},{"type":"Feature","id":"way/272839773","geometry":{"type":"Polygon","coordinates":[[[28.9869589,41.0309873],[28.9869307,41.0310413],[28.9870957,41.0310435],[28.9871105,41.0309974],[28.9870045,41.0309651],[28.9869844,41.0309883],[28.9869589,41.0309873]]]},"properties":{"osm_id":"way/272839773","building":"yes","name":null,"height_m":9,"height_source":"estimate","levels":3,"addr":null}},{"type":"Feature","id":"way/272839774","geometry":{"type":"Polygon","coordinates":[[[28.9870045,41.0309651],[28.9870501,41.0308669],[28.9872699,41.030964],[28.9872929,41.0309742],[28.987262,41.0310258],[28.9871507,41.0310005],[28.9871587,41.0309904],[28.9871212,41.0309802],[28.9871105,41.0309974],[28.9870045,41.0309651]]]},"properties":{"osm_id":"way/272839774","building":"yes","name":null,"height_m":9,"height_source":"estimate","levels":3,"addr":null}},{"type":"Feature","id":"way/272839775","geometry":{"type":"Polygon","coordinates":[[[28.9870501,41.0308669],[28.9871467,41.0307789],[28.9873197,41.0308831],[28.9872996,41.0308973],[28.987325,41.0309104],[28.9872699,41.030964],[28.9870501,41.0308669]]]},"properties":{"osm_id":"way/272839775","building":"yes","name":null,"height_m":9,"height_source":"estimate","levels":3,"addr":null}},{"type":"Feature","id":"way/272839776","geometry":{"type":"Polygon","coordinates":[[[28.9871172,41.0307668],[28.9871386,41.0307506],[28.9872486,41.0308062],[28.9872392,41.0308204],[28.987321,41.0308659],[28.9874149,41.0307981],[28.9872902,41.0307156],[28.987152,41.0306241],[28.9870461,41.0307314],[28.9871172,41.0307668]]]},"properties":{"osm_id":"way/272839776","building":"yes","name":null,"height_m":9,"height_source":"estimate","levels":3,"addr":null}},{"type":"Feature","id":"way/272839777","geometry":{"type":"Polygon","coordinates":[[[28.987152,41.0306241],[28.9872137,41.0305574],[28.9873693,41.0306403],[28.9872902,41.0307156],[28.987152,41.0306241]]]},"properties":{"osm_id":"way/272839777","building":"yes","name":null,"height_m":9,"height_source":"estimate","levels":3,"addr":null}},{"type":"Feature","id":"way/272839778","geometry":{"type":"Polygon","coordinates":[[[28.9872406,41.0305432],[28.9873411,41.0304602],[28.987482,41.0305442],[28.9873827,41.0306251],[28.9872406,41.0305432]]]},"properties":{"osm_id":"way/272839778","building":"yes","name":null,"height_m":9,"height_source":"estimate","levels":3,"addr":null}},{"type":"Feature","id":"way/272839780","geometry":{"type":"Polygon","coordinates":[[[28.9873975,41.0306767],[28.9875919,41.030615],[28.9875973,41.0306403],[28.9876375,41.0306373],[28.987663,41.0307051],[28.9876308,41.0307121],[28.9876322,41.0307233],[28.9875745,41.0307354],[28.9875892,41.0307759],[28.9874471,41.0308042],[28.9873975,41.0306767]]]},"properties":{"osm_id":"way/272839780","building":"yes","name":null,"height_m":9,"height_source":"estimate","levels":3,"addr":null}},{"type":"Feature","id":"way/272839781","geometry":{"type":"Polygon","coordinates":[[[28.9876912,41.0308993],[28.9877006,41.030958],[28.9875624,41.0309742],[28.9875517,41.0309428],[28.9875369,41.0309428],[28.9875316,41.0308983],[28.987604,41.0308912],[28.987608,41.0309064],[28.9876912,41.0308993]]]},"properties":{"osm_id":"way/272839781","building":"yes","name":null,"height_m":9,"height_source":"estimate","levels":3,"addr":null}},{"type":"Feature","id":"way/272839782","geometry":{"type":"Polygon","coordinates":[[[28.9874605,41.0309337],[28.9875986,41.0310015],[28.9875602,41.0310301],[28.9875007,41.0310743],[28.9873773,41.0310015],[28.9874605,41.0309337]]]},"properties":{"osm_id":"way/272839782","building":"yes","name":null,"height_m":9,"height_source":"estimate","levels":3,"addr":null}},{"type":"Feature","id":"way/272839783","geometry":{"type":"Polygon","coordinates":[[[28.9876871,41.0309742],[28.9877006,41.0310288],[28.9875664,41.031043],[28.9875602,41.0310301],[28.9875986,41.0310015],[28.9876429,41.0310045],[28.9876348,41.0309772],[28.9876871,41.0309742]]]},"properties":{"osm_id":"way/272839783","building":"yes","name":null,"height_m":9,"height_source":"estimate","levels":3,"addr":null}},{"type":"Feature","id":"way/272839784","geometry":{"type":"Polygon","coordinates":[[[28.9875208,41.0311219],[28.9877287,41.0311067],[28.9877408,41.0311553],[28.9877877,41.0311502],[28.9878105,41.0312493],[28.9877703,41.0312564],[28.9877649,41.0312271],[28.9877045,41.0312317],[28.9874766,41.0312493],[28.9874685,41.031217],[28.9875249,41.0312079],[28.9875208,41.0311219]]]},"properties":{"osm_id":"way/272839784","building":"yes","name":null,"height_m":9,"height_source":"estimate","levels":3,"addr":null}},{"type":"Feature","id":"way/272839785","geometry":{"type":"Polygon","coordinates":[[[28.987714,41.0310753],[28.9877502,41.0310622],[28.9877797,41.0311026],[28.9877515,41.0311209],[28.987714,41.0310753]]]},"properties":{"osm_id":"way/272839785","building":"yes","name":null,"height_m":9,"height_source":"estimate","levels":3,"addr":null}},{"type":"Feature","id":"way/272839786","geometry":{"type":"Polygon","coordinates":[[[28.9873237,41.0313121],[28.9873237,41.0312746],[28.9873961,41.0312149],[28.9874404,41.0312251],[28.9873988,41.0312706],[28.9874001,41.0313151],[28.9873237,41.0313121]]]},"properties":{"osm_id":"way/272839786","building":"yes","name":null,"height_m":9,"height_source":"estimate","levels":3,"addr":null}},{"type":"Feature","id":"way/272839787","geometry":{"type":"Polygon","coordinates":[[[28.9874498,41.0312837],[28.9874511,41.0313343],[28.9874777,41.0313331],[28.9877783,41.0313191],[28.9877703,41.0312564],[28.9877649,41.0312271],[28.9877045,41.0312317],[28.9876871,41.0312635],[28.9874498,41.0312837]]]},"properties":{"osm_id":"way/272839787","building":"yes","name":null,"height_m":9,"height_source":"estimate","levels":3,"addr":null}},{"type":"Feature","id":"way/272839788","geometry":{"type":"Polygon","coordinates":[[[28.987498,41.0314881],[28.9874777,41.0313331],[28.9877783,41.0313191],[28.9877985,41.0314679],[28.987498,41.0314881]]]},"properties":{"osm_id":"way/272839788","building":"yes","name":null,"height_m":9,"height_source":"estimate","levels":3,"addr":null}},{"type":"Feature","id":"way/272839789","geometry":{"type":"Polygon","coordinates":[[[28.9875101,41.0316813],[28.9874913,41.0315245],[28.9876831,41.0315023],[28.9876965,41.0315852],[28.9876697,41.0316641],[28.9875101,41.0316813]]]},"properties":{"osm_id":"way/272839789","building":"yes","name":null,"height_m":9,"height_source":"estimate","levels":3,"addr":null}},{"type":"Feature","id":"way/272839790","geometry":{"type":"Polygon","coordinates":[[[28.9875101,41.0316813],[28.9875128,41.031743],[28.9876456,41.0317289],[28.9876697,41.0316641],[28.9875101,41.0316813]]]},"properties":{"osm_id":"way/272839790","building":"yes","name":null,"height_m":9,"height_source":"estimate","levels":3,"addr":null}},{"type":"Feature","id":"way/272839791","geometry":{"type":"Polygon","coordinates":[[[28.9875128,41.031743],[28.9875208,41.0318219],[28.9876161,41.031824],[28.9876456,41.0317289],[28.9875128,41.031743]]]},"properties":{"osm_id":"way/272839791","building":"yes","name":null,"height_m":9,"height_source":"estimate","levels":3,"addr":null}},{"type":"Feature","id":"way/272839792","geometry":{"type":"Polygon","coordinates":[[[28.9872862,41.0313657],[28.9873452,41.0313788],[28.9873492,41.0314719],[28.9872338,41.0314598],[28.9872862,41.0313657]]]},"properties":{"osm_id":"way/272839792","building":"yes","name":null,"height_m":9,"height_source":"estimate","levels":3,"addr":null}},{"type":"Feature","id":"way/272839793","geometry":{"type":"Polygon","coordinates":[[[28.9872338,41.0314598],[28.9871856,41.0315235],[28.9873519,41.0315468],[28.9873492,41.0314719],[28.9872338,41.0314598]]]},"properties":{"osm_id":"way/272839793","building":"yes","name":null,"height_m":9,"height_source":"estimate","levels":3,"addr":null}},{"type":"Feature","id":"way/272839794","geometry":{"type":"Polygon","coordinates":[[[28.9871856,41.0315235],[28.9871453,41.0315913],[28.9872875,41.0316237],[28.9873545,41.0316257],[28.9873519,41.0315468],[28.9871856,41.0315235]]]},"properties":{"osm_id":"way/272839794","building":"yes","name":null,"height_m":9,"height_source":"estimate","levels":3,"addr":null}},{"type":"Feature","id":"way/272839795","geometry":{"type":"Polygon","coordinates":[[[28.9871453,41.0315913],[28.9871038,41.031657],[28.9872553,41.0317026],[28.9873613,41.0316904],[28.9873545,41.0316257],[28.9872875,41.0316237],[28.9871453,41.0315913]]]},"properties":{"osm_id":"way/272839795","building":"yes","name":null,"height_m":9,"height_source":"estimate","levels":3,"addr":null}},{"type":"Feature","id":"way/272839796","geometry":{"type":"Polygon","coordinates":[[[28.9871038,41.031657],[28.9870743,41.0317016],[28.9872668,41.0317493],[28.9873672,41.0317519],[28.9873613,41.0316904],[28.9872553,41.0317026],[28.9871038,41.031657]]]},"properties":{"osm_id":"way/272839796","building":"yes","name":null,"height_m":9,"height_source":"estimate","levels":3,"addr":null}},{"type":"Feature","id":"way/272839797","geometry":{"type":"Polygon","coordinates":[[[28.9870743,41.0317016],[28.9870116,41.0317451],[28.9872078,41.0318077],[28.9872265,41.0318054],[28.9872642,41.0318064],[28.9872668,41.0317493],[28.9870743,41.0317016]]]},"properties":{"osm_id":"way/272839797","building":"yes","name":null,"height_m":9,"height_source":"estimate","levels":3,"addr":null}},{"type":"Feature","id":"way/272839798","geometry":{"type":"Polygon","coordinates":[[[28.9872642,41.0318064],[28.9873645,41.0318091],[28.9873672,41.0317519],[28.9872668,41.0317493],[28.9872642,41.0318064]]]},"properties":{"osm_id":"way/272839798","building":"yes","name":null,"height_m":9,"height_source":"estimate","levels":3,"addr":null}},{"type":"Feature","id":"way/272839799","geometry":{"type":"Polygon","coordinates":[[[28.9873645,41.0318091],[28.9873616,41.0318723],[28.9872275,41.0318687],[28.9872236,41.0318686],[28.9872265,41.0318054],[28.9872642,41.0318064],[28.9873645,41.0318091]]]},"properties":{"osm_id":"way/272839799","building":"yes","name":null,"height_m":9,"height_source":"estimate","levels":3,"addr":null}},{"type":"Feature","id":"way/272839800","geometry":{"type":"Polygon","coordinates":[[[28.9872078,41.0318077],[28.9871767,41.0318631],[28.9869806,41.0318005],[28.9870116,41.0317451],[28.9872078,41.0318077]]]},"properties":{"osm_id":"way/272839800","building":"yes","name":null,"height_m":9,"height_source":"estimate","levels":3,"addr":null}},{"type":"Feature","id":"way/272839801","geometry":{"type":"Polygon","coordinates":[[[28.9869806,41.0318005],[28.9869613,41.0318348],[28.9871575,41.0318974],[28.9871767,41.0318631],[28.9869806,41.0318005]]]},"properties":{"osm_id":"way/272839801","building":"yes","name":null,"height_m":9,"height_source":"estimate","levels":3,"addr":null}},{"type":"Feature","id":"way/272839802","geometry":{"type":"Polygon","coordinates":[[[28.9869613,41.0318348],[28.9869257,41.0318983],[28.9871447,41.0319682],[28.9871803,41.0319047],[28.9871575,41.0318974],[28.9869613,41.0318348]]]},"properties":{"osm_id":"way/272839802","building":"yes","name":null,"height_m":9,"height_source":"estimate","levels":3,"addr":null}},{"type":"Feature","id":"way/272839803","geometry":{"type":"Polygon","coordinates":[[[28.9869257,41.0318983],[28.9868909,41.0319604],[28.9871173,41.0320327],[28.9871522,41.0319706],[28.9871447,41.0319682],[28.9869257,41.0318983]]]},"properties":{"osm_id":"way/272839803","building":"yes","name":null,"height_m":9,"height_source":"estimate","levels":3,"addr":null}},{"type":"Feature","id":"way/272839804","geometry":{"type":"Polygon","coordinates":[[[28.9868909,41.0319604],[28.9868513,41.032031],[28.9870777,41.0321033],[28.9871173,41.0320327],[28.9868909,41.0319604]]]},"properties":{"osm_id":"way/272839804","building":"yes","name":null,"height_m":9,"height_source":"estimate","levels":3,"addr":null}},{"type":"Feature","id":"way/272839805","geometry":{"type":"Polygon","coordinates":[[[28.9868513,41.032031],[28.9868295,41.0320697],[28.987056,41.032142],[28.9870777,41.0321033],[28.9868513,41.032031]]]},"properties":{"osm_id":"way/272839805","building":"yes","name":null,"height_m":9,"height_source":"estimate","levels":3,"addr":null}},{"type":"Feature","id":"way/272839806","geometry":{"type":"Polygon","coordinates":[[[28.9868295,41.0320697],[28.986806,41.0321117],[28.987034,41.0321845],[28.9870576,41.0321425],[28.987056,41.032142],[28.9868295,41.0320697]]]},"properties":{"osm_id":"way/272839806","building":"yes","name":null,"height_m":9,"height_source":"estimate","levels":3,"addr":null}},{"type":"Feature","id":"way/272839807","geometry":{"type":"Polygon","coordinates":[[[28.986806,41.0321117],[28.9867783,41.0321609],[28.9869729,41.032223],[28.9870064,41.0322337],[28.987034,41.0321845],[28.986806,41.0321117]]]},"properties":{"osm_id":"way/272839807","building":"yes","name":null,"height_m":9,"height_source":"estimate","levels":3,"addr":null}},{"type":"Feature","id":"way/272839808","geometry":{"type":"Polygon","coordinates":[[[28.9867783,41.0321609],[28.9867499,41.0322117],[28.9868602,41.0322469],[28.9869445,41.0322738],[28.9869729,41.032223],[28.9867783,41.0321609]]]},"properties":{"osm_id":"way/272839808","building":"yes","name":null,"height_m":9,"height_source":"estimate","levels":3,"addr":null}},{"type":"Feature","id":"way/272839809","geometry":{"type":"Polygon","coordinates":[[[28.9867499,41.0322117],[28.9866866,41.0323245],[28.9868293,41.0323701],[28.9868665,41.0323039],[28.9868341,41.0322935],[28.9868602,41.0322469],[28.9867499,41.0322117]]]},"properties":{"osm_id":"way/272839809","building":"yes","name":null,"height_m":9,"height_source":"estimate","levels":3,"addr":null}},{"type":"Feature","id":"way/272839810","geometry":{"type":"Polygon","coordinates":[[[28.9869401,41.0324148],[28.9870273,41.0322853],[28.9871131,41.0323116],[28.9870862,41.0323574],[28.987034,41.0324461],[28.9869401,41.0324148]]]},"properties":{"osm_id":"way/272839810","building":"yes","name":null,"height_m":9,"height_source":"estimate","levels":3,"addr":null}},{"type":"Feature","id":"way/272839811","geometry":{"type":"Polygon","coordinates":[[[28.987034,41.0324461],[28.9871131,41.0324745],[28.9871456,41.0324353],[28.9871869,41.0323854],[28.9871289,41.0323693],[28.9870862,41.0323574],[28.987034,41.0324461]]]},"properties":{"osm_id":"way/272839811","building":"yes","name":null,"height_m":9,"height_source":"estimate","levels":3,"addr":null}},{"type":"Feature","id":"way/272839812","geometry":{"type":"Polygon","coordinates":[[[28.9871131,41.0324745],[28.9872674,41.0325301],[28.9872915,41.0324532],[28.9871456,41.0324353],[28.9871131,41.0324745]]]},"properties":{"osm_id":"way/272839812","building":"yes","name":null,"height_m":9,"height_source":"estimate","levels":3,"addr":null}},{"type":"Feature","id":"way/272839813","geometry":{"type":"Polygon","coordinates":[[[28.9872915,41.0324532],[28.9873076,41.0323945],[28.9871869,41.0323854],[28.9871456,41.0324353],[28.9872915,41.0324532]]]},"properties":{"osm_id":"way/272839813","building":"yes","name":null,"height_m":9,"height_source":"estimate","levels":3,"addr":null}},{"type":"Feature","id":"way/272839814","geometry":{"type":"Polygon","coordinates":[[[28.9873076,41.0323945],[28.9873277,41.0322438],[28.9871225,41.0322367],[28.9871289,41.0323693],[28.9871869,41.0323854],[28.9873076,41.0323945]]]},"properties":{"osm_id":"way/272839814","building":"yes","name":null,"height_m":9,"height_source":"estimate","levels":3,"addr":null}},{"type":"Feature","id":"way/272839815","geometry":{"type":"Polygon","coordinates":[[[28.9873492,41.0322112],[28.9873526,41.0321367],[28.9871517,41.0321314],[28.9871483,41.032206],[28.9873492,41.0322112]]]},"properties":{"osm_id":"way/272839815","building":"yes","name":null,"height_m":9,"height_source":"estimate","levels":3,"addr":null}},{"type":"Feature","id":"way/272839816","geometry":{"type":"Polygon","coordinates":[[[28.9873526,41.0321367],[28.9873554,41.0320772],[28.9871847,41.0320727],[28.9871545,41.0320719],[28.9871517,41.0321314],[28.9873526,41.0321367]]]},"properties":{"osm_id":"way/272839816","building":"yes","name":null,"height_m":9,"height_source":"estimate","levels":3,"addr":null}},{"type":"Feature","id":"way/272839817","geometry":{"type":"Polygon","coordinates":[[[28.9873554,41.0320772],[28.9873598,41.0319803],[28.9873566,41.0319802],[28.9872225,41.0319767],[28.9872211,41.0320055],[28.9871879,41.0320047],[28.9871847,41.0320727],[28.9873554,41.0320772]]]},"properties":{"osm_id":"way/272839817","building":"yes","name":null,"height_m":9,"height_source":"estimate","levels":3,"addr":null}},{"type":"Feature","id":"way/272839818","geometry":{"type":"Polygon","coordinates":[[[28.9873566,41.0319802],[28.9873616,41.0318723],[28.9872275,41.0318687],[28.9872257,41.031906],[28.9872225,41.0319767],[28.9873566,41.0319802]]]},"properties":{"osm_id":"way/272839818","building":"yes","name":null,"height_m":9,"height_source":"estimate","levels":3,"addr":null}},{"type":"Feature","id":"way/272839819","geometry":{"type":"Polygon","coordinates":[[[28.9866354,41.0323801],[28.9868129,41.0324414],[28.9867545,41.0325375],[28.9865771,41.0324763],[28.9866354,41.0323801]]]},"properties":{"osm_id":"way/272839819","building":"yes","name":"Mavi Saray Ap.","height_m":15,"height_source":"tag:levels","levels":5,"addr":{"neighbourhood":"Pürtelaş Mah."}}},{"type":"Feature","id":"way/272839820","geometry":{"type":"Polygon","coordinates":[[[28.9868129,41.0324414],[28.9869931,41.0325036],[28.9869348,41.0325997],[28.9867695,41.0325427],[28.9867545,41.0325375],[28.9868129,41.0324414]]]},"properties":{"osm_id":"way/272839820","building":"yes","name":null,"height_m":9,"height_source":"estimate","levels":3,"addr":null}},{"type":"Feature","id":"way/272839821","geometry":{"type":"Polygon","coordinates":[[[28.9865771,41.0324763],[28.9865454,41.0325285],[28.9867378,41.0325949],[28.9867695,41.0325427],[28.9867545,41.0325375],[28.9865771,41.0324763]]]},"properties":{"osm_id":"way/272839821","building":"yes","name":null,"height_m":9,"height_source":"estimate","levels":3,"addr":null}},{"type":"Feature","id":"way/272839823","geometry":{"type":"Polygon","coordinates":[[[28.9865454,41.0325285],[28.9865114,41.0325844],[28.9867039,41.0326508],[28.9867378,41.0325949],[28.9865454,41.0325285]]]},"properties":{"osm_id":"way/272839823","building":"yes","name":null,"height_m":9,"height_source":"estimate","levels":3,"addr":null}},{"type":"Feature","id":"way/272839824","geometry":{"type":"Polygon","coordinates":[[[28.9865114,41.0325844],[28.9864761,41.0326427],[28.9866685,41.0327091],[28.9867039,41.0326508],[28.9865114,41.0325844]]]},"properties":{"osm_id":"way/272839824","building":"yes","name":null,"height_m":9,"height_source":"estimate","levels":3,"addr":null}},{"type":"Feature","id":"way/272839825","geometry":{"type":"Polygon","coordinates":[[[28.9864761,41.0326427],[28.9864452,41.0326937],[28.986671,41.0327716],[28.9867019,41.0327207],[28.9866685,41.0327091],[28.9864761,41.0326427]]]},"properties":{"osm_id":"way/272839825","building":"yes","name":null,"height_m":9,"height_source":"estimate","levels":3,"addr":null}},{"type":"Feature","id":"way/272839826","geometry":{"type":"Polygon","coordinates":[[[28.9864452,41.0326937],[28.9864111,41.0327499],[28.9866719,41.0328399],[28.986706,41.0327837],[28.986671,41.0327716],[28.9864452,41.0326937]]]},"properties":{"osm_id":"way/272839826","building":"yes","name":null,"height_m":9,"height_source":"estimate","levels":3,"addr":null}},{"type":"Feature","id":"way/272839827","geometry":{"type":"Polygon","coordinates":[[[28.9864111,41.0327499],[28.9863778,41.0328049],[28.9865735,41.0328724],[28.9866385,41.0328949],[28.9866719,41.0328399],[28.9864111,41.0327499]]]},"properties":{"osm_id":"way/272839827","building":"yes","name":null,"height_m":9,"height_source":"estimate","levels":3,"addr":null}},{"type":"Feature","id":"way/272839828","geometry":{"type":"Polygon","coordinates":[[[28.9863778,41.0328049],[28.9863346,41.032876],[28.9865304,41.0329436],[28.9865735,41.0328724],[28.9863778,41.0328049]]]},"properties":{"osm_id":"way/272839828","building":"yes","name":null,"height_m":9,"height_source":"estimate","levels":3,"addr":null}},{"type":"Feature","id":"way/272839829","geometry":{"type":"Polygon","coordinates":[[[28.9863346,41.032876],[28.9862678,41.0329862],[28.9864635,41.0330538],[28.9865304,41.0329436],[28.9863346,41.032876]]]},"properties":{"osm_id":"way/272839829","building":"yes","name":null,"height_m":9,"height_source":"estimate","levels":3,"addr":null}},{"type":"Feature","id":"way/272839830","geometry":{"type":"Polygon","coordinates":[[[28.9862678,41.0329862],[28.9862411,41.0330301],[28.9863623,41.0330719],[28.9864369,41.0330977],[28.9864635,41.0330538],[28.9862678,41.0329862]]]},"properties":{"osm_id":"way/272839830","building":"yes","name":null,"height_m":9,"height_source":"estimate","levels":3,"addr":null}},{"type":"Feature","id":"way/272839831","geometry":{"type":"Polygon","coordinates":[[[28.9862411,41.0330301],[28.986146,41.033187],[28.9862672,41.0332288],[28.9863356,41.033116],[28.9863623,41.0330719],[28.9862411,41.0330301]]]},"properties":{"osm_id":"way/272839831","building":"yes","name":null,"height_m":9,"height_source":"estimate","levels":3,"addr":{"housenumber":"10","street":"Somuncu Sokağı"}}},{"type":"Feature","id":"way/272839832","geometry":{"type":"Polygon","coordinates":[[[28.9862672,41.0332288],[28.9863852,41.0332695],[28.9864255,41.0332032],[28.9864537,41.0331567],[28.9863356,41.033116],[28.9862672,41.0332288]]]},"properties":{"osm_id":"way/272839832","building":"yes","name":null,"height_m":9,"height_source":"estimate","levels":3,"addr":{"housenumber":"12","street":"Somuncu Sokağı"}}},{"type":"Feature","id":"way/272839833","geometry":{"type":"Polygon","coordinates":[[[28.9863852,41.0332695],[28.9865657,41.0333318],[28.9866417,41.0332065],[28.9865163,41.0331632],[28.9864805,41.0332222],[28.9864255,41.0332032],[28.9863852,41.0332695]]]},"properties":{"osm_id":"way/272839833","building":"yes","name":null,"height_m":9,"height_source":"estimate","levels":3,"addr":null}},{"type":"Feature","id":"way/272839834","geometry":{"type":"Polygon","coordinates":[[[28.9866871,41.0331416],[28.9867467,41.033042],[28.9866226,41.0329998],[28.9866083,41.0329949],[28.9865488,41.0330946],[28.9866871,41.0331416]]]},"properties":{"osm_id":"way/272839834","building":"yes","name":null,"height_m":9,"height_source":"estimate","levels":3,"addr":null}},{"type":"Feature","id":"way/272839835","geometry":{"type":"Polygon","coordinates":[[[28.9866226,41.0329998],[28.9866502,41.0329536],[28.9866659,41.0329589],[28.9867743,41.0329957],[28.9867467,41.033042],[28.9866226,41.0329998]]]},"properties":{"osm_id":"way/272839835","building":"yes","name":null,"height_m":9,"height_source":"estimate","levels":3,"addr":null}},{"type":"Feature","id":"way/272839836","geometry":{"type":"Polygon","coordinates":[[[28.9866659,41.0329589],[28.9867234,41.0328628],[28.9868317,41.0328996],[28.9867743,41.0329957],[28.9866659,41.0329589]]]},"properties":{"osm_id":"way/272839836","building":"yes","name":null,"height_m":9,"height_source":"estimate","levels":3,"addr":null}},{"type":"Feature","id":"way/272839837","geometry":{"type":"Polygon","coordinates":[[[28.9869428,41.0327605],[28.986755,41.0326957],[28.9868212,41.0325865],[28.9869217,41.0326212],[28.987009,41.0326513],[28.9869428,41.0327605]]]},"properties":{"osm_id":"way/272839837","building":"yes","name":null,"height_m":9,"height_source":"estimate","levels":3,"addr":null}},{"type":"Feature","id":"way/272839838","geometry":{"type":"Polygon","coordinates":[[[28.987009,41.0326513],[28.9870804,41.0325337],[28.9869931,41.0325036],[28.9869348,41.0325997],[28.9869217,41.0326212],[28.987009,41.0326513]]]},"properties":{"osm_id":"way/272839838","building":"yes","name":null,"height_m":9,"height_source":"estimate","levels":3,"addr":null}},{"type":"Feature","id":"way/272839839","geometry":{"type":"Polygon","coordinates":[[[28.9860903,41.0332965],[28.9861882,41.0333283],[28.986195,41.0333306],[28.9861443,41.0334349],[28.9860373,41.0334081],[28.9860903,41.0332965]]]},"properties":{"osm_id":"way/272839839","building":"apartments","name":"TaksimFlat","height_m":18,"height_source":"tag:levels","levels":6,"addr":{"housenumber":"27","neighbourhood":"Cihangir Mah.","street":"Başkurt Sokağı"}}},{"type":"Feature","id":"way/272839840","geometry":{"type":"Polygon","coordinates":[[[28.9860373,41.0334081],[28.9859881,41.0335196],[28.9861803,41.0335678],[28.986214,41.0334913],[28.9861433,41.0334735],[28.9861587,41.0334386],[28.9860373,41.0334081]]]},"properties":{"osm_id":"way/272839840","building":"yes","name":null,"height_m":9,"height_source":"estimate","levels":3,"addr":null}},{"type":"Feature","id":"way/272839841","geometry":{"type":"Polygon","coordinates":[[[28.9859881,41.0335196],[28.9859469,41.0336131],[28.9860232,41.0336323],[28.9860752,41.0336453],[28.986139,41.0336613],[28.9861803,41.0335678],[28.9859881,41.0335196]]]},"properties":{"osm_id":"way/272839841","building":"yes","name":null,"height_m":9,"height_source":"estimate","levels":3,"addr":null}},{"type":"Feature","id":"way/272839842","geometry":{"type":"Polygon","coordinates":[[[28.9860232,41.0336323],[28.9859469,41.0336131],[28.9859414,41.0336117],[28.9858857,41.0337379],[28.9859044,41.0337426],[28.9861259,41.0337988],[28.9861751,41.0336788],[28.9860727,41.0336509],[28.9860752,41.0336453],[28.9860232,41.0336323]]]},"properties":{"osm_id":"way/272839842","building":"yes","name":null,"height_m":9,"height_source":"estimate","levels":3,"addr":null}},{"type":"Feature","id":"way/272839843","geometry":{"type":"Polygon","coordinates":[[[28.9859044,41.0337426],[28.9858636,41.033835],[28.9860526,41.0338824],[28.9860865,41.0338909],[28.986106,41.0338958],[28.9861321,41.0338366],[28.9861465,41.0338038],[28.9861259,41.0337988],[28.9859044,41.0337426]]]},"properties":{"osm_id":"way/272839843","building":"yes","name":null,"height_m":9,"height_source":"estimate","levels":3,"addr":null}},{"type":"Feature","id":"way/272839844","geometry":{"type":"Polygon","coordinates":[[[28.9858636,41.033835],[28.9858394,41.0338289],[28.9857961,41.0339271],[28.9859675,41.0339701],[28.9860093,41.0339806],[28.9860526,41.0338824],[28.9858636,41.033835]]]},"properties":{"osm_id":"way/272839844","building":"yes","name":null,"height_m":9,"height_source":"estimate","levels":3,"addr":null}},{"type":"Feature","id":"way/272839845","geometry":{"type":"Polygon","coordinates":[[[28.9857961,41.0339271],[28.9857572,41.0340154],[28.9859286,41.0340584],[28.9859675,41.0339701],[28.9857961,41.0339271]]]},"properties":{"osm_id":"way/272839845","building":"yes","name":null,"height_m":9,"height_source":"estimate","levels":3,"addr":null}},{"type":"Feature","id":"way/272839846","geometry":{"type":"Polygon","coordinates":[[[28.9857572,41.0340154],[28.9857171,41.0341062],[28.9858885,41.0341493],[28.9859286,41.0340584],[28.9857572,41.0340154]]]},"properties":{"osm_id":"way/272839846","building":"yes","name":null,"height_m":9,"height_source":"estimate","levels":3,"addr":null}},{"type":"Feature","id":"way/272839847","geometry":{"type":"Polygon","coordinates":[[[28.9857171,41.0341062],[28.9856689,41.0342155],[28.9857749,41.0342421],[28.9858403,41.0342586],[28.9858885,41.0341493],[28.9857171,41.0341062]]]},"properties":{"osm_id":"way/272839847","building":"yes","name":null,"height_m":9,"height_source":"estimate","levels":3,"addr":null}},{"type":"Feature","id":"way/272839848","geometry":{"type":"Polygon","coordinates":[[[28.9856689,41.0342155],[28.985606,41.0343581],[28.9857875,41.0344036],[28.9858346,41.0342968],[28.9857591,41.0342778],[28.9857749,41.0342421],[28.9856689,41.0342155]]]},"properties":{"osm_id":"way/272839848","building":"yes","name":null,"height_m":9,"height_source":"estimate","levels":3,"addr":null}},{"type":"Feature","id":"way/272839849","geometry":{"type":"Polygon","coordinates":[[[28.9857875,41.0344036],[28.9858958,41.0344308],[28.985925,41.0343645],[28.9859506,41.0343067],[28.9858422,41.0342795],[28.9858346,41.0342968],[28.9857875,41.0344036]]]},"properties":{"osm_id":"way/272839849","building":"yes","name":null,"height_m":9,"height_source":"estimate","levels":3,"addr":null}},{"type":"Feature","id":"way/272839850","geometry":{"type":"Polygon","coordinates":[[[28.9858958,41.0344308],[28.9859881,41.034454],[28.9860173,41.0343877],[28.985925,41.0343645],[28.9858958,41.0344308]]]},"properties":{"osm_id":"way/272839850","building":"retail","name":null,"height_m":9,"height_source":"estimate","levels":3,"addr":{"housenumber":"28","street":"Pürtelaş Sokağı"}}},{"type":"Feature","id":"way/272839851","geometry":{"type":"Polygon","coordinates":[[[28.9860173,41.0343877],[28.9860651,41.0342795],[28.9859728,41.0342564],[28.9859506,41.0343067],[28.985925,41.0343645],[28.9860173,41.0343877]]]},"properties":{"osm_id":"way/272839851","building":"retail","name":null,"height_m":9,"height_source":"estimate","levels":3,"addr":{"housenumber":"30","street":"Pürtelaş Sokağı"}}},{"type":"Feature","id":"way/272839852","geometry":{"type":"Polygon","coordinates":[[[28.9860651,41.0342795],[28.986095,41.0342116],[28.9859244,41.0341688],[28.9858941,41.0342374],[28.9859654,41.0342553],[28.9859782,41.0342264],[28.9859852,41.0342281],[28.9859728,41.0342564],[28.9860651,41.0342795]]]},"properties":{"osm_id":"way/272839852","building":"apartments","name":null,"height_m":9,"height_source":"estimate","levels":3,"addr":{"housenumber":"32","street":"Pürtelaş Sokağı"}}},{"type":"Feature","id":"way/272839853","geometry":{"type":"Polygon","coordinates":[[[28.9859244,41.0341688],[28.9859317,41.0341523],[28.9859248,41.0341505],[28.9859533,41.0340859],[28.9861308,41.0341305],[28.986095,41.0342116],[28.9859244,41.0341688]]]},"properties":{"osm_id":"way/272839853","building":"apartments","name":null,"height_m":9,"height_source":"estimate","levels":3,"addr":{"housenumber":"34","street":"Pürtelaş Sokağı"}}},{"type":"Feature","id":"way/272839854","geometry":{"type":"Polygon","coordinates":[[[28.9861653,41.0341092],[28.9861931,41.034046],[28.986162,41.0340381],[28.986037,41.0340068],[28.9860091,41.03407],[28.9861653,41.0341092]]]},"properties":{"osm_id":"way/272839854","building":"house","name":null,"height_m":6,"height_source":"tag:levels","levels":2,"addr":{"housenumber":"36","street":"Pürtelaş Sokağı"}}},{"type":"Feature","id":"way/272839855","geometry":{"type":"Polygon","coordinates":[[[28.986162,41.0340381],[28.9861732,41.0340127],[28.9862175,41.0340238],[28.9862482,41.0339677],[28.9860721,41.0339235],[28.9860355,41.0340064],[28.986037,41.0340068],[28.986162,41.0340381]]]},"properties":{"osm_id":"way/272839855","building":"apartments","name":null,"height_m":9,"height_source":"estimate","levels":3,"addr":{"housenumber":"38"}}},{"type":"Feature","id":"way/272839856","geometry":{"type":"Polygon","coordinates":[[[28.9862482,41.0339677],[28.9863031,41.0338431],[28.9861465,41.0338038],[28.9861321,41.0338366],[28.986106,41.0338958],[28.9860865,41.0338909],[28.9860721,41.0339235],[28.9862482,41.0339677]]]},"properties":{"osm_id":"way/272839856","building":"apartments","name":null,"height_m":9,"height_source":"estimate","levels":3,"addr":{"housenumber":"40,42"}}},{"type":"Feature","id":"way/272839857","geometry":{"type":"Polygon","coordinates":[[[28.9863031,41.0338431],[28.9863402,41.0337591],[28.9861843,41.0337206],[28.9861465,41.0338038],[28.9863031,41.0338431]]]},"properties":{"osm_id":"way/272839857","building":"yes","name":null,"height_m":9,"height_source":"estimate","levels":3,"addr":null}},{"type":"Feature","id":"way/272839858","geometry":{"type":"Polygon","coordinates":[[[28.9863402,41.0337591],[28.9863808,41.0336671],[28.9862305,41.0336294],[28.9862016,41.0336948],[28.9861953,41.0336932],[28.9861843,41.0337206],[28.9863402,41.0337591]]]},"properties":{"osm_id":"way/272839858","building":"yes","name":null,"height_m":9,"height_source":"estimate","levels":3,"addr":null}},{"type":"Feature","id":"way/272839859","geometry":{"type":"Polygon","coordinates":[[[28.9863808,41.0336671],[28.9864559,41.0334967],[28.9863701,41.0334751],[28.9863056,41.033459],[28.9862305,41.0336294],[28.9863808,41.0336671]]]},"properties":{"osm_id":"way/272839859","building":"yes","name":null,"height_m":9,"height_source":"estimate","levels":3,"addr":null}},{"type":"Feature","id":"way/272839860","geometry":{"type":"Polygon","coordinates":[[[28.9864559,41.0334967],[28.9865077,41.0333793],[28.9863322,41.0333352],[28.9862865,41.0334388],[28.9863762,41.0334613],[28.9863701,41.0334751],[28.9864559,41.0334967]]]},"properties":{"osm_id":"way/272839860","building":"yes","name":null,"height_m":9,"height_source":"estimate","levels":3,"addr":{"housenumber":"9","street":"Somuncu Sokağı"}}},{"type":"Feature","id":"way/272839861","geometry":{"type":"Polygon","coordinates":[[[28.9863322,41.0333352],[28.9862174,41.033286],[28.9861443,41.0334349],[28.9861587,41.0334386],[28.9861433,41.0334735],[28.986214,41.0334913],[28.9862584,41.0335024],[28.9862865,41.0334388],[28.9863322,41.0333352]]]},"properties":{"osm_id":"way/272839861","building":"yes","name":null,"height_m":9,"height_source":"estimate","levels":3,"addr":{"housenumber":"7","street":"Somuncu Sokağı"}}},{"type":"Feature","id":"way/272839862","geometry":{"type":"Polygon","coordinates":[[[28.9856192,41.0344269],[28.985819,41.0344856],[28.9857855,41.0345453],[28.985713,41.0345331],[28.9857036,41.0345544],[28.985646,41.0345614],[28.9856192,41.0344269]]]},"properties":{"osm_id":"way/272839862","building":"yes","name":null,"height_m":9,"height_source":"estimate","levels":3,"addr":null}},{"type":"Feature","id":"way/272839863","geometry":{"type":"Polygon","coordinates":[[[28.985646,41.0345614],[28.9856513,41.0346383],[28.9857975,41.03461],[28.9858136,41.0345625],[28.9857855,41.0345453],[28.985713,41.0345331],[28.9857036,41.0345544],[28.985646,41.0345614]]]},"properties":{"osm_id":"way/272839863","building":"yes","name":null,"height_m":9,"height_source":"estimate","levels":3,"addr":null}},{"type":"Feature","id":"way/272839864","geometry":{"type":"Polygon","coordinates":[[[28.9856513,41.0346383],[28.9856755,41.0347537],[28.9857492,41.0347395],[28.9857555,41.0347021],[28.9857613,41.0346677],[28.9858029,41.0346474],[28.9857997,41.0346252],[28.9857975,41.03461],[28.9856513,41.0346383]]]},"properties":{"osm_id":"way/272839864","building":"yes","name":null,"height_m":9,"height_source":"estimate","levels":3,"addr":null}},{"type":"Feature","id":"way/272839865","geometry":{"type":"Polygon","coordinates":[[[28.9856755,41.0347537],[28.9856808,41.0348143],[28.98576,41.0348245],[28.9858015,41.0347567],[28.9857492,41.0347395],[28.9856755,41.0347537]]]},"properties":{"osm_id":"way/272839865","building":"yes","name":null,"height_m":9,"height_source":"estimate","levels":3,"addr":null}},{"type":"Feature","id":"way/272839866","geometry":{"type":"Polygon","coordinates":[[[28.9857555,41.0347021],[28.9858243,41.0347243],[28.9858767,41.0346505],[28.9857997,41.0346252],[28.9858029,41.0346474],[28.9857613,41.0346677],[28.9857555,41.0347021]]]},"properties":{"osm_id":"way/272839866","building":"yes","name":null,"height_m":9,"height_source":"estimate","levels":3,"addr":null}},{"type":"Feature","id":"way/272839867","geometry":{"type":"Polygon","coordinates":[[[28.9858767,41.0346505],[28.9859531,41.034527],[28.9858619,41.0344967],[28.9858136,41.0345625],[28.9857975,41.03461],[28.9857997,41.0346252],[28.9858767,41.0346505]]]},"properties":{"osm_id":"way/272839867","building":"yes","name":null,"height_m":9,"height_source":"estimate","levels":3,"addr":null}},{"type":"Feature","id":"way/272839868","geometry":{"type":"Polygon","coordinates":[[[28.9861435,41.0351846],[28.9862025,41.0351047],[28.9862623,41.0351219],[28.9862481,41.035136],[28.9862991,41.0351613],[28.9862349,41.0352201],[28.986224,41.0352301],[28.9861435,41.0351846]]]},"properties":{"osm_id":"way/272839868","building":"yes","name":null,"height_m":9,"height_source":"estimate","levels":3,"addr":null}},{"type":"Feature","id":"way/272839869","geometry":{"type":"Polygon","coordinates":[[[28.9862623,41.0351219],[28.9863538,41.035155],[28.986413,41.035062],[28.9864036,41.0350587],[28.9862608,41.035007],[28.9862017,41.0351],[28.9862623,41.0351219]]]},"properties":{"osm_id":"way/272839869","building":"yes","name":null,"height_m":9,"height_source":"estimate","levels":3,"addr":null}},{"type":"Feature","id":"way/272839870","geometry":{"type":"Polygon","coordinates":[[[28.9864036,41.0350587],[28.98648,41.0349386],[28.9864523,41.0349286],[28.9863371,41.034887],[28.9862608,41.035007],[28.9864036,41.0350587]]]},"properties":{"osm_id":"way/272839870","building":"yes","name":null,"height_m":9,"height_source":"estimate","levels":3,"addr":null}},{"type":"Feature","id":"way/272839871","geometry":{"type":"Polygon","coordinates":[[[28.9863371,41.034887],[28.9864106,41.0347715],[28.9865257,41.0348131],[28.9864523,41.0349286],[28.9863371,41.034887]]]},"properties":{"osm_id":"way/272839871","building":"yes","name":null,"height_m":9,"height_source":"estimate","levels":3,"addr":null}},{"type":"Feature","id":"way/272839872","geometry":{"type":"Polygon","coordinates":[[[28.9864106,41.0347715],[28.9864547,41.0347021],[28.9866512,41.0347732],[28.9866071,41.0348425],[28.9865593,41.0348253],[28.9865257,41.0348131],[28.9864106,41.0347715]]]},"properties":{"osm_id":"way/272839872","building":"yes","name":null,"height_m":9,"height_source":"estimate","levels":3,"addr":null}},{"type":"Feature","id":"way/272839873","geometry":{"type":"Polygon","coordinates":[[[28.9866512,41.0347732],[28.9867492,41.0348086],[28.9867175,41.0348585],[28.9866815,41.0349151],[28.9866124,41.0348901],[28.9865357,41.0348624],[28.9865593,41.0348253],[28.9866071,41.0348425],[28.9866512,41.0347732]]]},"properties":{"osm_id":"way/272839873","building":"yes","name":null,"height_m":9,"height_source":"estimate","levels":3,"addr":null}},{"type":"Feature","id":"way/272839874","geometry":{"type":"Polygon","coordinates":[[[28.9867492,41.0348086],[28.9867922,41.0348242],[28.9867605,41.034874],[28.9867175,41.0348585],[28.9867492,41.0348086]]]},"properties":{"osm_id":"way/272839874","building":"yes","name":null,"height_m":9,"height_source":"estimate","levels":3,"addr":null}},{"type":"Feature","id":"way/272839875","geometry":{"type":"Polygon","coordinates":[[[28.9867922,41.0348242],[28.9868692,41.0348521],[28.9868015,41.0349586],[28.9867245,41.0349307],[28.9867605,41.034874],[28.9867922,41.0348242]]]},"properties":{"osm_id":"way/272839875","building":"yes","name":null,"height_m":9,"height_source":"estimate","levels":3,"addr":null}},{"type":"Feature","id":"way/272839876","geometry":{"type":"Polygon","coordinates":[[[28.9868015,41.0349586],[28.9867151,41.0350945],[28.9866492,41.0350706],[28.9866224,41.0350609],[28.9866433,41.0350281],[28.9865468,41.0349932],[28.9866124,41.0348901],[28.9866815,41.0349151],[28.9867245,41.0349307],[28.9868015,41.0349586]]]},"properties":{"osm_id":"way/272839876","building":"yes","name":null,"height_m":9,"height_source":"estimate","levels":3,"addr":null}},{"type":"Feature","id":"way/272839877","geometry":{"type":"Polygon","coordinates":[[[28.9867151,41.0350945],[28.9866487,41.0351989],[28.9864982,41.0351445],[28.98654,41.0350789],[28.9865943,41.0350985],[28.9865834,41.0351157],[28.9866136,41.0351267],[28.9866492,41.0350706],[28.9867151,41.0350945]]]},"properties":{"osm_id":"way/272839877","building":"yes","name":null,"height_m":9,"height_source":"estimate","levels":3,"addr":null}},{"type":"Feature","id":"way/272839878","geometry":{"type":"Polygon","coordinates":[[[28.9866487,41.0351989],[28.9866157,41.0352507],[28.9864407,41.0351874],[28.9864737,41.0351356],[28.9864982,41.0351445],[28.9866487,41.0351989]]]},"properties":{"osm_id":"way/272839878","building":"yes","name":null,"height_m":9,"height_source":"estimate","levels":3,"addr":null}},{"type":"Feature","id":"way/272839879","geometry":{"type":"Polygon","coordinates":[[[28.9866157,41.0352507],[28.9865798,41.0353073],[28.9864047,41.035244],[28.9864407,41.0351874],[28.9866157,41.0352507]]]},"properties":{"osm_id":"way/272839879","building":"yes","name":null,"height_m":9,"height_source":"estimate","levels":3,"addr":null}},{"type":"Feature","id":"way/272839880","geometry":{"type":"Polygon","coordinates":[[[28.9862349,41.0352201],[28.9863165,41.0352696],[28.9863903,41.0351988],[28.9863246,41.0351492],[28.9862991,41.0351613],[28.9862349,41.0352201]]]},"properties":{"osm_id":"way/272839880","building":"yes","name":null,"height_m":9,"height_source":"estimate","levels":3,"addr":null}},{"type":"Feature","id":"way/273735254","geometry":{"type":"Polygon","coordinates":[[[28.9860394,41.0344875],[28.9862845,41.0345632],[28.9863291,41.034481],[28.9862868,41.034468],[28.9862336,41.0344515],[28.9860841,41.0344053],[28.9860394,41.0344875]]]},"properties":{"osm_id":"way/273735254","building":"yes","name":null,"height_m":9,"height_source":"estimate","levels":3,"addr":null}},{"type":"Feature","id":"way/273735255","geometry":{"type":"Polygon","coordinates":[[[28.9862336,41.0344515],[28.986301,41.0343274],[28.9862621,41.0343154],[28.9861515,41.0342812],[28.9860841,41.0344053],[28.9862336,41.0344515]]]},"properties":{"osm_id":"way/273735255","building":"yes","name":null,"height_m":9,"height_source":"estimate","levels":3,"addr":null}},{"type":"Feature","id":"way/273735256","geometry":{"type":"Polygon","coordinates":[[[28.9862621,41.0343154],[28.9862851,41.034273],[28.9861745,41.0342388],[28.9861515,41.0342812],[28.9862621,41.0343154]]]},"properties":{"osm_id":"way/273735256","building":"yes","name":null,"height_m":9,"height_source":"estimate","levels":3,"addr":null}},{"type":"Feature","id":"way/273735257","geometry":{"type":"Polygon","coordinates":[[[28.9862072,41.0342091],[28.9863693,41.0342558],[28.986424,41.0341475],[28.9862618,41.0341009],[28.9862072,41.0342091]]]},"properties":{"osm_id":"way/273735257","building":"yes","name":null,"height_m":9,"height_source":"estimate","levels":3,"addr":null}},{"type":"Feature","id":"way/273735258","geometry":{"type":"Polygon","coordinates":[[[28.986424,41.0341475],[28.9864707,41.0340551],[28.9863086,41.0340084],[28.9862618,41.0341009],[28.986424,41.0341475]]]},"properties":{"osm_id":"way/273735258","building":"yes","name":null,"height_m":9,"height_source":"estimate","levels":3,"addr":null}},{"type":"Feature","id":"way/273735259","geometry":{"type":"Polygon","coordinates":[[[28.9864707,41.0340551],[28.9864978,41.0340015],[28.9863356,41.0339549],[28.9863086,41.0340084],[28.9864707,41.0340551]]]},"properties":{"osm_id":"way/273735259","building":"yes","name":null,"height_m":9,"height_source":"estimate","levels":3,"addr":null}},{"type":"Feature","id":"way/273735261","geometry":{"type":"Polygon","coordinates":[[[28.9864978,41.0340015],[28.9865235,41.0339507],[28.9863613,41.0339041],[28.9863356,41.0339549],[28.9864978,41.0340015]]]},"properties":{"osm_id":"way/273735261","building":"yes","name":null,"height_m":9,"height_source":"estimate","levels":3,"addr":null}},{"type":"Feature","id":"way/273735262","geometry":{"type":"Polygon","coordinates":[[[28.9863872,41.0338677],[28.9865647,41.0339223],[28.9865968,41.0338627],[28.9864194,41.0338082],[28.9863872,41.0338677]]]},"properties":{"osm_id":"way/273735262","building":"yes","name":null,"height_m":9,"height_source":"estimate","levels":3,"addr":null}},{"type":"Feature","id":"way/273735263","geometry":{"type":"Polygon","coordinates":[[[28.9865968,41.0338627],[28.9866403,41.0337823],[28.9866089,41.0337726],[28.9866335,41.0337272],[28.9864873,41.0336823],[28.9864194,41.0338082],[28.9865968,41.0338627]]]},"properties":{"osm_id":"way/273735263","building":"yes","name":null,"height_m":9,"height_source":"estimate","levels":3,"addr":null}},{"type":"Feature","id":"way/273735264","geometry":{"type":"Polygon","coordinates":[[[28.9865001,41.0336605],[28.9866662,41.0337086],[28.9867228,41.0335974],[28.9867334,41.0335764],[28.9865673,41.0335283],[28.9865001,41.0336605]]]},"properties":{"osm_id":"way/273735264","building":"yes","name":null,"height_m":9,"height_source":"estimate","levels":3,"addr":null}},{"type":"Feature","id":"way/273735265","geometry":{"type":"Polygon","coordinates":[[[28.9865673,41.0335283],[28.9866003,41.0334634],[28.9868079,41.0335234],[28.9867642,41.0336094],[28.9867555,41.0336069],[28.9867228,41.0335974],[28.9867334,41.0335764],[28.9865673,41.0335283]]]},"properties":{"osm_id":"way/273735265","building":"yes","name":null,"height_m":9,"height_source":"estimate","levels":3,"addr":null}},{"type":"Feature","id":"way/273735266","geometry":{"type":"Polygon","coordinates":[[[28.9868079,41.0335234],[28.9869065,41.0336312],[28.9868222,41.0336639],[28.9867657,41.0336858],[28.9867308,41.0336514],[28.9867555,41.0336069],[28.9867642,41.0336094],[28.9868079,41.0335234]]]},"properties":{"osm_id":"way/273735266","building":"yes","name":null,"height_m":9,"height_source":"estimate","levels":3,"addr":null}},{"type":"Feature","id":"way/273735267","geometry":{"type":"Polygon","coordinates":[[[28.9869065,41.0336312],[28.9869508,41.0336888],[28.9869023,41.0337583],[28.9867552,41.0337121],[28.9868355,41.0336868],[28.9868222,41.0336639],[28.9869065,41.0336312]]]},"properties":{"osm_id":"way/273735267","building":"yes","name":null,"height_m":9,"height_source":"estimate","levels":3,"addr":null}},{"type":"Feature","id":"way/273735268","geometry":{"type":"Polygon","coordinates":[[[28.9869023,41.0337583],[28.9868485,41.0338559],[28.9867161,41.0338143],[28.9866618,41.0337973],[28.9867031,41.0337223],[28.9867364,41.0337327],[28.9867489,41.0337101],[28.9867552,41.0337121],[28.9869023,41.0337583]]]},"properties":{"osm_id":"way/273735268","building":"yes","name":null,"height_m":9,"height_source":"estimate","levels":3,"addr":null}},{"type":"Feature","id":"way/273735269","geometry":{"type":"Polygon","coordinates":[[[28.9868485,41.0338559],[28.9867848,41.0339714],[28.9866524,41.0339298],[28.9867161,41.0338143],[28.9868485,41.0338559]]]},"properties":{"osm_id":"way/273735269","building":"yes","name":null,"height_m":9,"height_source":"estimate","levels":3,"addr":null}},{"type":"Feature","id":"way/273735270","geometry":{"type":"Polygon","coordinates":[[[28.9867848,41.0339714],[28.9867113,41.0341045],[28.9865787,41.0340629],[28.9865347,41.0340491],[28.986557,41.0340087],[28.9866006,41.0339295],[28.9866449,41.0339434],[28.9866524,41.0339298],[28.9867848,41.0339714]]]},"properties":{"osm_id":"way/273735270","building":"yes","name":null,"height_m":9,"height_source":"estimate","levels":3,"addr":null}},{"type":"Feature","id":"way/273735271","geometry":{"type":"Polygon","coordinates":[[[28.9865787,41.0340629],[28.9865499,41.0341151],[28.9866825,41.0341567],[28.9867113,41.0341045],[28.9865787,41.0340629]]]},"properties":{"osm_id":"way/273735271","building":"yes","name":null,"height_m":9,"height_source":"estimate","levels":3,"addr":null}},{"type":"Feature","id":"way/273735272","geometry":{"type":"Polygon","coordinates":[[[28.9866825,41.0341567],[28.986651,41.0342139],[28.9864974,41.0341657],[28.9865289,41.0341085],[28.9865499,41.0341151],[28.9866825,41.0341567]]]},"properties":{"osm_id":"way/273735272","building":"yes","name":null,"height_m":9,"height_source":"estimate","levels":3,"addr":null}},{"type":"Feature","id":"way/273735273","geometry":{"type":"Polygon","coordinates":[[[28.986651,41.0342139],[28.9865998,41.0343068],[28.9864598,41.0342629],[28.9864349,41.034255],[28.9864861,41.0341621],[28.9864974,41.0341657],[28.986651,41.0342139]]]},"properties":{"osm_id":"way/273735273","building":"yes","name":null,"height_m":9,"height_source":"estimate","levels":3,"addr":null}},{"type":"Feature","id":"way/273735274","geometry":{"type":"Polygon","coordinates":[[[28.9865998,41.0343068],[28.9865661,41.0343677],[28.9864262,41.0343238],[28.9864598,41.0342629],[28.9865998,41.0343068]]]},"properties":{"osm_id":"way/273735274","building":"yes","name":null,"height_m":9,"height_source":"estimate","levels":3,"addr":null}},{"type":"Feature","id":"way/273735275","geometry":{"type":"Polygon","coordinates":[[[28.9865112,41.0344002],[28.9863506,41.0343506],[28.9862868,41.034468],[28.9863291,41.034481],[28.9863752,41.0344953],[28.9863874,41.0344727],[28.9864597,41.0344951],[28.9865112,41.0344002]]]},"properties":{"osm_id":"way/273735275","building":"yes","name":null,"height_m":9,"height_source":"estimate","levels":3,"addr":null}},{"type":"Feature","id":"way/273735276","geometry":{"type":"Polygon","coordinates":[[[28.9864597,41.0344951],[28.9864028,41.0345998],[28.9862845,41.0345632],[28.9863291,41.034481],[28.9863752,41.0344953],[28.9863874,41.0344727],[28.9864597,41.0344951]]]},"properties":{"osm_id":"way/273735276","building":"yes","name":null,"height_m":9,"height_source":"estimate","levels":3,"addr":null}},{"type":"Feature","id":"way/273735277","geometry":{"type":"Polygon","coordinates":[[[28.9864956,41.0346427],[28.986548,41.034556],[28.9866989,41.0346079],[28.9867997,41.0346425],[28.9867472,41.0347293],[28.9864956,41.0346427]]]},"properties":{"osm_id":"way/273735277","building":"yes","name":null,"height_m":9,"height_source":"estimate","levels":3,"addr":null}},{"type":"Feature","id":"way/273735278","geometry":{"type":"Polygon","coordinates":[[[28.986548,41.034556],[28.986639,41.0344055],[28.9867288,41.0344364],[28.9867898,41.0344574],[28.9866989,41.0346079],[28.986548,41.034556]]]},"properties":{"osm_id":"way/273735278","building":"yes","name":null,"height_m":9,"height_source":"estimate","levels":3,"addr":null}},{"type":"Feature","id":"way/273735279","geometry":{"type":"Polygon","coordinates":[[[28.986639,41.0344055],[28.9866685,41.0343568],[28.9867583,41.0343877],[28.9867288,41.0344364],[28.986639,41.0344055]]]},"properties":{"osm_id":"way/273735279","building":"yes","name":null,"height_m":9,"height_source":"estimate","levels":3,"addr":null}},{"type":"Feature","id":"way/273735280","geometry":{"type":"Polygon","coordinates":[[[28.9866685,41.0343568],[28.98671,41.0342881],[28.9868118,41.0343231],[28.9868502,41.0343363],[28.9868195,41.0343871],[28.9868087,41.034405],[28.9867583,41.0343877],[28.9866685,41.0343568]]]},"properties":{"osm_id":"way/273735280","building":"yes","name":null,"height_m":9,"height_source":"estimate","levels":3,"addr":null}},{"type":"Feature","id":"way/273735281","geometry":{"type":"Polygon","coordinates":[[[28.98671,41.0342881],[28.9867443,41.0342313],[28.9868461,41.0342664],[28.9868118,41.0343231],[28.98671,41.0342881]]]},"properties":{"osm_id":"way/273735281","building":"yes","name":null,"height_m":9,"height_source":"estimate","levels":3,"addr":null}},{"type":"Feature","id":"way/273735282","geometry":{"type":"Polygon","coordinates":[[[28.9869805,41.0343126],[28.9868461,41.0342664],[28.9868118,41.0343231],[28.9868502,41.0343363],[28.9868195,41.0343871],[28.9869155,41.0344201],[28.9869805,41.0343126]]]},"properties":{"osm_id":"way/273735282","building":"yes","name":null,"height_m":9,"height_source":"estimate","levels":3,"addr":null}},{"type":"Feature","id":"way/273735283","geometry":{"type":"Polygon","coordinates":[[[28.9869155,41.0344201],[28.9869766,41.0344412],[28.9869973,41.034407],[28.9870369,41.0344206],[28.9870715,41.0343633],[28.9870812,41.0343473],[28.9869805,41.0343126],[28.9869155,41.0344201]]]},"properties":{"osm_id":"way/273735283","building":"residential","name":"LİR RESIDENCE SUITES","height_m":9,"height_source":"estimate","levels":3,"addr":null}},{"type":"Feature","id":"way/273735285","geometry":{"type":"Polygon","coordinates":[[[28.9871054,41.0344442],[28.9870044,41.0346113],[28.986858,41.034561],[28.9869275,41.0344461],[28.9869657,41.0344592],[28.9869766,41.0344412],[28.9869973,41.034407],[28.9870369,41.0344206],[28.9871054,41.0344442]]]},"properties":{"osm_id":"way/273735285","building":"yes","name":null,"height_m":9,"height_source":"estimate","levels":3,"addr":null}},{"type":"Feature","id":"way/273735286","geometry":{"type":"Polygon","coordinates":[[[28.9868234,41.0346579],[28.9869446,41.0346989],[28.9868931,41.0347855],[28.9867719,41.0347444],[28.9868234,41.0346579]]]},"properties":{"osm_id":"way/273735286","building":"yes","name":null,"height_m":9,"height_source":"estimate","levels":3,"addr":null}},{"type":"Feature","id":"way/273735585","geometry":{"type":"Polygon","coordinates":[[[28.9867665,41.0341643],[28.9868227,41.0340739],[28.9869596,41.0341223],[28.9869034,41.0342127],[28.9867665,41.0341643]]]},"properties":{"osm_id":"way/273735585","building":"yes","name":null,"height_m":9,"height_source":"estimate","levels":3,"addr":null}},{"type":"Feature","id":"way/273735586","geometry":{"type":"Polygon","coordinates":[[[28.9868561,41.0340201],[28.9870496,41.0340885],[28.9870779,41.0340985],[28.9870477,41.0341471],[28.9871143,41.0341706],[28.9870549,41.0342663],[28.9869034,41.0342127],[28.9869596,41.0341223],[28.9868227,41.0340739],[28.9868561,41.0340201]]]},"properties":{"osm_id":"way/273735586","building":"yes","name":null,"height_m":9,"height_source":"estimate","levels":3,"addr":null}},{"type":"Feature","id":"way/273735587","geometry":{"type":"Polygon","coordinates":[[[28.9868561,41.0340201],[28.9869,41.0339494],[28.9870936,41.0340178],[28.9870496,41.0340885],[28.9868561,41.0340201]]]},"properties":{"osm_id":"way/273735587","building":"yes","name":null,"height_m":9,"height_source":"estimate","levels":3,"addr":null}},{"type":"Feature","id":"way/273735588","geometry":{"type":"Polygon","coordinates":[[[28.9869,41.0339494],[28.9869443,41.0338781],[28.9870604,41.0339191],[28.9871379,41.0339465],[28.9870936,41.0340178],[28.9869,41.0339494]]]},"properties":{"osm_id":"way/273735588","building":"yes","name":null,"height_m":9,"height_source":"estimate","levels":3,"addr":null}},{"type":"Feature","id":"way/273735589","geometry":{"type":"Polygon","coordinates":[[[28.9869443,41.0338781],[28.9870433,41.0337192],[28.9871634,41.0337478],[28.987079,41.0338791],[28.9870604,41.0339191],[28.9869443,41.0338781]]]},"properties":{"osm_id":"way/273735589","building":"yes","name":null,"height_m":9,"height_source":"estimate","levels":3,"addr":null}},{"type":"Feature","id":"way/273735590","geometry":{"type":"Polygon","coordinates":[[[28.987079,41.0338791],[28.9871464,41.0339038],[28.9872468,41.0337477],[28.9871794,41.033723],[28.9871634,41.0337478],[28.987079,41.0338791]]]},"properties":{"osm_id":"way/273735590","building":"yes","name":null,"height_m":9,"height_source":"estimate","levels":3,"addr":null}},{"type":"Feature","id":"way/273735591","geometry":{"type":"Polygon","coordinates":[[[28.9871464,41.0339038],[28.9872294,41.0339342],[28.9872455,41.0339091],[28.9873298,41.033778],[28.9872468,41.0337477],[28.9871464,41.0339038]]]},"properties":{"osm_id":"way/273735591","building":"yes","name":null,"height_m":9,"height_source":"estimate","levels":3,"addr":null}},{"type":"Feature","id":"way/273735592","geometry":{"type":"Polygon","coordinates":[[[28.9872455,41.0339091],[28.9872634,41.0339123],[28.9874201,41.0339641],[28.9874765,41.0338861],[28.9873504,41.0337536],[28.9873298,41.033778],[28.9872455,41.0339091]]]},"properties":{"osm_id":"way/273735592","building":"yes","name":null,"height_m":9,"height_source":"estimate","levels":3,"addr":null}},{"type":"Feature","id":"way/273735593","geometry":{"type":"Polygon","coordinates":[[[28.9874201,41.0339641],[28.9873396,41.0341025],[28.987192,41.0340537],[28.9871829,41.0340507],[28.9872634,41.0339123],[28.9874201,41.0339641]]]},"properties":{"osm_id":"way/273735593","building":"yes","name":null,"height_m":9,"height_source":"estimate","levels":3,"addr":{"housenumber":"36"}}},{"type":"Feature","id":"way/273735594","geometry":{"type":"Polygon","coordinates":[[[28.9873396,41.0341025],[28.9872948,41.0341796],[28.9871472,41.0341308],[28.987192,41.0340537],[28.9873396,41.0341025]]]},"properties":{"osm_id":"way/273735594","building":"yes","name":null,"height_m":9,"height_source":"estimate","levels":3,"addr":null}},{"type":"Feature","id":"way/273735595","geometry":{"type":"Polygon","coordinates":[[[28.987154,41.0341717],[28.9872644,41.0342078],[28.9872263,41.0342742],[28.9871159,41.0342382],[28.987154,41.0341717]]]},"properties":{"osm_id":"way/273735595","building":"yes","name":null,"height_m":9,"height_source":"estimate","levels":3,"addr":null}},{"type":"Feature","id":"way/273735596","geometry":{"type":"Polygon","coordinates":[[[28.9869982,41.0348036],[28.9870747,41.0346831],[28.9871602,41.034714],[28.9870837,41.0348345],[28.9869982,41.0348036]]]},"properties":{"osm_id":"way/273735596","building":"yes","name":null,"height_m":9,"height_source":"estimate","levels":3,"addr":null}},{"type":"Feature","id":"way/273735597","geometry":{"type":"Polygon","coordinates":[[[28.9870837,41.0348345],[28.9872232,41.0348848],[28.9872997,41.0347643],[28.9872823,41.0347581],[28.9872125,41.0347329],[28.9871602,41.034714],[28.9870837,41.0348345]]]},"properties":{"osm_id":"way/273735597","building":"yes","name":null,"height_m":9,"height_source":"estimate","levels":3,"addr":null}},{"type":"Feature","id":"way/273735598","geometry":{"type":"Polygon","coordinates":[[[28.9872232,41.0348848],[28.9873145,41.0349178],[28.9874179,41.0347548],[28.9873093,41.0347156],[28.9872823,41.0347581],[28.9872997,41.0347643],[28.9872232,41.0348848]]]},"properties":{"osm_id":"way/273735598","building":"yes","name":null,"height_m":9,"height_source":"estimate","levels":3,"addr":null}},{"type":"Feature","id":"way/273735599","geometry":{"type":"Polygon","coordinates":[[[28.9870747,41.0346831],[28.9870986,41.0346453],[28.9872365,41.0346951],[28.9872125,41.0347329],[28.9871602,41.034714],[28.9870747,41.0346831]]]},"properties":{"osm_id":"way/273735599","building":"yes","name":null,"height_m":9,"height_source":"estimate","levels":3,"addr":null}},{"type":"Feature","id":"way/273735600","geometry":{"type":"Polygon","coordinates":[[[28.9870986,41.0346453],[28.9871573,41.0345528],[28.9872648,41.0345916],[28.9872952,41.0346026],[28.9872365,41.0346951],[28.9870986,41.0346453]]]},"properties":{"osm_id":"way/273735600","building":"yes","name":null,"height_m":9,"height_source":"estimate","levels":3,"addr":null}},{"type":"Feature","id":"way/273735601","geometry":{"type":"Polygon","coordinates":[[[28.9871573,41.0345528],[28.9871943,41.0344946],[28.9873017,41.0345334],[28.9872648,41.0345916],[28.9871573,41.0345528]]]},"properties":{"osm_id":"way/273735601","building":"yes","name":null,"height_m":9,"height_source":"estimate","levels":3,"addr":null}},{"type":"Feature","id":"way/273735602","geometry":{"type":"Polygon","coordinates":[[[28.9871943,41.0344946],[28.9872431,41.0344176],[28.9873943,41.0344722],[28.9873454,41.0345491],[28.9873017,41.0345334],[28.9871943,41.0344946]]]},"properties":{"osm_id":"way/273735602","building":"yes","name":null,"height_m":9,"height_source":"estimate","levels":3,"addr":null}},{"type":"Feature","id":"way/273735603","geometry":{"type":"Polygon","coordinates":[[[28.9872431,41.0344176],[28.9872903,41.0343432],[28.9873732,41.0343731],[28.9874415,41.0343978],[28.9873943,41.0344722],[28.9872431,41.0344176]]]},"properties":{"osm_id":"way/273735603","building":"yes","name":null,"height_m":9,"height_source":"estimate","levels":3,"addr":null}},{"type":"Feature","id":"way/273735604","geometry":{"type":"Polygon","coordinates":[[[28.9872903,41.0343432],[28.9873282,41.0342835],[28.9874111,41.0343134],[28.9873732,41.0343731],[28.9872903,41.0343432]]]},"properties":{"osm_id":"way/273735604","building":"yes","name":null,"height_m":9,"height_source":"estimate","levels":3,"addr":null}},{"type":"Feature","id":"way/273735605","geometry":{"type":"Polygon","coordinates":[[[28.9873421,41.0342552],[28.9874958,41.0343055],[28.9875494,41.0342122],[28.9875042,41.0341974],[28.9873956,41.0341619],[28.9873421,41.0342552]]]},"properties":{"osm_id":"way/273735605","building":"yes","name":null,"height_m":9,"height_source":"estimate","levels":3,"addr":null}},{"type":"Feature","id":"way/273735606","geometry":{"type":"Polygon","coordinates":[[[28.9873956,41.0341619],[28.9874591,41.0340753],[28.9876321,41.0340318],[28.9877984,41.0341845],[28.9877393,41.0342482],[28.9876076,41.0342007],[28.9876441,41.0341441],[28.9875637,41.0341471],[28.9875462,41.0341228],[28.9875042,41.0341974],[28.9873956,41.0341619]]]},"properties":{"osm_id":"way/273735606","building":"yes","name":null,"height_m":9,"height_source":"estimate","levels":3,"addr":null}},{"type":"Feature","id":"way/273735607","geometry":{"type":"Polygon","coordinates":[[[28.9876076,41.0342007],[28.9875814,41.0342419],[28.9876054,41.0342506],[28.9877131,41.0342895],[28.9877393,41.0342482],[28.9876076,41.0342007]]]},"properties":{"osm_id":"way/273735607","building":"yes","name":null,"height_m":9,"height_source":"estimate","levels":3,"addr":null}},{"type":"Feature","id":"way/273735608","geometry":{"type":"Polygon","coordinates":[[[28.9876054,41.0342506],[28.9875542,41.0343314],[28.9875689,41.0343367],[28.9876618,41.0343703],[28.9877131,41.0342895],[28.9876054,41.0342506]]]},"properties":{"osm_id":"way/273735608","building":"yes","name":null,"height_m":9,"height_source":"estimate","levels":3,"addr":null}},{"type":"Feature","id":"way/273735609","geometry":{"type":"Polygon","coordinates":[[[28.9876618,41.0343703],[28.987598,41.0344709],[28.987476,41.0344269],[28.9874936,41.0343992],[28.9874747,41.0343924],[28.9875114,41.0343347],[28.9875592,41.0343519],[28.9875689,41.0343367],[28.9876618,41.0343703]]]},"properties":{"osm_id":"way/273735609","building":"yes","name":null,"height_m":9,"height_source":"estimate","levels":3,"addr":null}},{"type":"Feature","id":"way/273735610","geometry":{"type":"Polygon","coordinates":[[[28.987598,41.0344709],[28.9875477,41.0345502],[28.9874355,41.0345097],[28.9874257,41.0345062],[28.987476,41.0344269],[28.987598,41.0344709]]]},"properties":{"osm_id":"way/273735610","building":"yes","name":null,"height_m":9,"height_source":"estimate","levels":3,"addr":null}},{"type":"Feature","id":"way/273735611","geometry":{"type":"Polygon","coordinates":[[[28.9875477,41.0345502],[28.9874931,41.0346362],[28.9873845,41.034597],[28.987381,41.0345957],[28.9874355,41.0345097],[28.9875477,41.0345502]]]},"properties":{"osm_id":"way/273735611","building":"yes","name":null,"height_m":9,"height_source":"estimate","levels":3,"addr":null}},{"type":"Feature","id":"way/273735612","geometry":{"type":"Polygon","coordinates":[[[28.9874931,41.0346362],[28.9874494,41.0347051],[28.9873408,41.0346659],[28.9873845,41.034597],[28.9874931,41.0346362]]]},"properties":{"osm_id":"way/273735612","building":"yes","name":null,"height_m":9,"height_source":"estimate","levels":3,"addr":null}},{"type":"Feature","id":"way/273735613","geometry":{"type":"Polygon","coordinates":[[[28.9874494,41.0347051],[28.9874179,41.0347548],[28.9873093,41.0347156],[28.9873408,41.0346659],[28.9874494,41.0347051]]]},"properties":{"osm_id":"way/273735613","building":"yes","name":null,"height_m":9,"height_source":"estimate","levels":3,"addr":null}},{"type":"Feature","id":"way/273735974","geometry":{"type":"Polygon","coordinates":[[[28.9877984,41.0340783],[28.9878614,41.0340601],[28.9879204,41.033965],[28.9878426,41.0339276],[28.9878257,41.0339375],[28.9877206,41.0339994],[28.9877984,41.0340783]]]},"properties":{"osm_id":"way/273735974","building":"yes","name":null,"height_m":9,"height_source":"estimate","levels":3,"addr":null}},{"type":"Feature","id":"way/273735976","geometry":{"type":"Polygon","coordinates":[[[28.9877206,41.0339994],[28.9875945,41.0338679],[28.9877756,41.0337667],[28.9878426,41.0338467],[28.9877769,41.0338841],[28.9878257,41.0339375],[28.9877206,41.0339994]]]},"properties":{"osm_id":"way/273735976","building":"yes","name":null,"height_m":9,"height_source":"estimate","levels":3,"addr":null}},{"type":"Feature","id":"way/273735978","geometry":{"type":"Polygon","coordinates":[[[28.9875945,41.0338679],[28.9875208,41.0338052],[28.9876099,41.0337604],[28.9876173,41.0337566],[28.9877447,41.0337323],[28.9877756,41.0337667],[28.9875945,41.0338679]]]},"properties":{"osm_id":"way/273735978","building":"yes","name":null,"height_m":9,"height_source":"estimate","levels":3,"addr":null}},{"type":"Feature","id":"way/273735980","geometry":{"type":"Polygon","coordinates":[[[28.9875208,41.0338052],[28.9874845,41.0338173],[28.9874014,41.0337273],[28.9875355,41.0336079],[28.9877233,41.0336039],[28.9877246,41.0336969],[28.9876334,41.0337071],[28.9875798,41.0337273],[28.9876099,41.0337604],[28.9875208,41.0338052]]]},"properties":{"osm_id":"way/273735980","building":"yes","name":null,"height_m":9,"height_source":"estimate","levels":3,"addr":null}},{"type":"Feature","id":"way/273735983","geometry":{"type":"Polygon","coordinates":[[[28.9879204,41.033965],[28.987966,41.0338983],[28.9879525,41.0338913],[28.9878534,41.0338406],[28.9878158,41.0339053],[28.987844,41.0339124],[28.9878426,41.0339276],[28.9879204,41.033965]]]},"properties":{"osm_id":"way/273735983","building":"yes","name":null,"height_m":9,"height_source":"estimate","levels":3,"addr":null}},{"type":"Feature","id":"way/273735985","geometry":{"type":"Polygon","coordinates":[[[28.9879525,41.0338913],[28.9879995,41.0338183],[28.9879787,41.0338128],[28.9878775,41.033786],[28.9878534,41.0338406],[28.9879525,41.0338913]]]},"properties":{"osm_id":"way/273735985","building":"yes","name":null,"height_m":9,"height_source":"estimate","levels":3,"addr":null}},{"type":"Feature","id":"way/273735987","geometry":{"type":"Polygon","coordinates":[[[28.9879787,41.0338128],[28.9880089,41.0337728],[28.9879043,41.0337404],[28.9878775,41.033786],[28.9879787,41.0338128]]]},"properties":{"osm_id":"way/273735987","building":"yes","name":null,"height_m":9,"height_source":"estimate","levels":3,"addr":null}},{"type":"Feature","id":"way/273735989","geometry":{"type":"Polygon","coordinates":[[[28.9880089,41.0337728],[28.9880411,41.0337263],[28.987969,41.0337066],[28.9879298,41.0336959],[28.9879043,41.0337404],[28.9880089,41.0337728]]]},"properties":{"osm_id":"way/273735989","building":"yes","name":null,"height_m":9,"height_source":"estimate","levels":3,"addr":null}},{"type":"Feature","id":"way/273735991","geometry":{"type":"Polygon","coordinates":[[[28.9880411,41.0337263],[28.9881216,41.0336069],[28.9880988,41.0335766],[28.9879767,41.0335826],[28.987969,41.0337066],[28.9880411,41.0337263]]]},"properties":{"osm_id":"way/273735991","building":"yes","name":null,"height_m":9,"height_source":"estimate","levels":3,"addr":null}},{"type":"Feature","id":"way/273735993","geometry":{"type":"Polygon","coordinates":[[[28.9879767,41.0335826],[28.9878761,41.0335917],[28.9878681,41.033699],[28.9879298,41.0336959],[28.987969,41.0337066],[28.9879767,41.0335826]]]},"properties":{"osm_id":"way/273735993","building":"yes","name":null,"height_m":9,"height_source":"estimate","levels":3,"addr":null}},{"type":"Feature","id":"way/273735995","geometry":{"type":"Polygon","coordinates":[[[28.9878761,41.0335917],[28.9877233,41.0336039],[28.9877246,41.0336969],[28.987785,41.0337455],[28.9878641,41.0337374],[28.9878681,41.033699],[28.9878761,41.0335917]]]},"properties":{"osm_id":"way/273735995","building":"yes","name":null,"height_m":9,"height_source":"estimate","levels":3,"addr":null}},{"type":"Feature","id":"way/273735996","geometry":{"type":"Polygon","coordinates":[[[28.9879821,41.0333985],[28.9880357,41.0333783],[28.9881175,41.0334643],[28.988029,41.0334744],[28.9880199,41.0334596],[28.9879821,41.0333985]]]},"properties":{"osm_id":"way/273735996","building":"yes","name":null,"height_m":9,"height_source":"estimate","levels":3,"addr":null}},{"type":"Feature","id":"way/273735997","geometry":{"type":"Polygon","coordinates":[[[28.9880357,41.0333783],[28.9879016,41.033266],[28.9877809,41.0333398],[28.9878118,41.0333712],[28.9878761,41.033352],[28.9879016,41.0333783],[28.9879821,41.0333985],[28.9880357,41.0333783]]]},"properties":{"osm_id":"way/273735997","building":"yes","name":null,"height_m":9,"height_source":"estimate","levels":3,"addr":null}},{"type":"Feature","id":"way/273735999","geometry":{"type":"Polygon","coordinates":[[[28.9879016,41.0333783],[28.9877984,41.0333833],[28.9877957,41.0334703],[28.9880199,41.0334596],[28.9879821,41.0333985],[28.9879016,41.0333783]]]},"properties":{"osm_id":"way/273735999","building":"yes","name":null,"height_m":9,"height_source":"estimate","levels":3,"addr":null}},{"type":"Feature","id":"way/273736001","geometry":{"type":"Polygon","coordinates":[[[28.9877957,41.0334703],[28.987679,41.0334744],[28.9876897,41.0333641],[28.9877943,41.0333631],[28.9877984,41.0333833],[28.9877957,41.0334703]]]},"properties":{"osm_id":"way/273736001","building":"yes","name":null,"height_m":9,"height_source":"estimate","levels":3,"addr":null}},{"type":"Feature","id":"way/273736003","geometry":{"type":"Polygon","coordinates":[[[28.987679,41.0334744],[28.9875221,41.0334906],[28.9873934,41.0334309],[28.9875449,41.0332852],[28.9876518,41.0333408],[28.9876871,41.0333591],[28.9876897,41.0333641],[28.987679,41.0334744]]]},"properties":{"osm_id":"way/273736003","building":"yes","name":null,"height_m":9,"height_source":"estimate","levels":3,"addr":null}},{"type":"Feature","id":"way/273736005","geometry":{"type":"Polygon","coordinates":[[[28.9875449,41.0332852],[28.9876093,41.0332174],[28.9877099,41.0332731],[28.9876518,41.0333408],[28.9875449,41.0332852]]]},"properties":{"osm_id":"way/273736005","building":"yes","name":null,"height_m":9,"height_source":"estimate","levels":3,"addr":null}},{"type":"Feature","id":"way/273736007","geometry":{"type":"Polygon","coordinates":[[[28.9879016,41.033266],[28.9878534,41.0332154],[28.9877511,41.0332871],[28.9877394,41.0332953],[28.9877809,41.0333398],[28.9879016,41.033266]]]},"properties":{"osm_id":"way/273736007","building":"yes","name":null,"height_m":9,"height_source":"estimate","levels":3,"addr":null}},{"type":"Feature","id":"way/273736009","geometry":{"type":"Polygon","coordinates":[[[28.9878534,41.0332154],[28.987801,41.0331729],[28.9877031,41.0332538],[28.9877511,41.0332871],[28.9878534,41.0332154]]]},"properties":{"osm_id":"way/273736009","building":"yes","name":null,"height_m":9,"height_source":"estimate","levels":3,"addr":null}},{"type":"Feature","id":"way/273736011","geometry":{"type":"Polygon","coordinates":[[[28.987801,41.0331729],[28.9877206,41.0330839],[28.9876026,41.0331982],[28.9877031,41.0332538],[28.987801,41.0331729]]]},"properties":{"osm_id":"way/273736011","building":"yes","name":null,"height_m":9,"height_source":"estimate","levels":3,"addr":null}},{"type":"Feature","id":"way/273736261","geometry":{"type":"Polygon","coordinates":[[[28.9867215,41.0332336],[28.9866276,41.0333833],[28.9867536,41.0334349],[28.9868596,41.0332791],[28.9867215,41.0332336]]]},"properties":{"osm_id":"way/273736261","building":"yes","name":null,"height_m":9,"height_source":"estimate","levels":3,"addr":null}},{"type":"Feature","id":"way/273736262","geometry":{"type":"Polygon","coordinates":[[[28.9867536,41.0334349],[28.9868891,41.0334865],[28.9870098,41.0333429],[28.9868596,41.0332791],[28.9867536,41.0334349]]]},"properties":{"osm_id":"way/273736262","building":"yes","name":null,"height_m":9,"height_source":"estimate","levels":3,"addr":null}},{"type":"Feature","id":"way/273736263","geometry":{"type":"Polygon","coordinates":[[[28.9870098,41.0333429],[28.9870728,41.033267],[28.9868904,41.0332549],[28.9868596,41.0332791],[28.9870098,41.0333429]]]},"properties":{"osm_id":"way/273736263","building":"yes","name":null,"height_m":9,"height_source":"estimate","levels":3,"addr":null}},{"type":"Feature","id":"way/273736264","geometry":{"type":"Polygon","coordinates":[[[28.9870728,41.033267],[28.9871224,41.0331648],[28.9870992,41.0331625],[28.9869266,41.0331456],[28.9869148,41.0331813],[28.9868904,41.0332549],[28.9870728,41.033267]]]},"properties":{"osm_id":"way/273736264","building":"yes","name":null,"height_m":9,"height_source":"estimate","levels":3,"addr":null}},{"type":"Feature","id":"way/273736265","geometry":{"type":"Polygon","coordinates":[[[28.9867215,41.0332336],[28.9867899,41.0331456],[28.9868889,41.0331739],[28.9869148,41.0331813],[28.9868904,41.0332549],[28.9868596,41.0332791],[28.9867215,41.0332336]]]},"properties":{"osm_id":"way/273736265","building":"yes","name":null,"height_m":9,"height_source":"estimate","levels":3,"addr":null}},{"type":"Feature","id":"way/273736266","geometry":{"type":"Polygon","coordinates":[[[28.9867899,41.0331456],[28.9868301,41.0330809],[28.9869374,41.0331142],[28.9868889,41.0331739],[28.9867899,41.0331456]]]},"properties":{"osm_id":"way/273736266","building":"yes","name":null,"height_m":9,"height_source":"estimate","levels":3,"addr":null}},{"type":"Feature","id":"way/273736268","geometry":{"type":"Polygon","coordinates":[[[28.9868301,41.0330809],[28.9868851,41.033005],[28.9869776,41.0330343],[28.9869374,41.0331142],[28.9868301,41.0330809]]]},"properties":{"osm_id":"way/273736268","building":"yes","name":null,"height_m":9,"height_source":"estimate","levels":3,"addr":null}},{"type":"Feature","id":"way/273736270","geometry":{"type":"Polygon","coordinates":[[[28.9868851,41.033005],[28.9869374,41.0329311],[28.9870286,41.0329645],[28.9869776,41.0330343],[28.9868851,41.033005]]]},"properties":{"osm_id":"way/273736270","building":"yes","name":null,"height_m":9,"height_source":"estimate","levels":3,"addr":null}},{"type":"Feature","id":"way/273736272","geometry":{"type":"Polygon","coordinates":[[[28.9869374,41.0329311],[28.9869615,41.0329018],[28.9870661,41.0329119],[28.9870473,41.0329655],[28.9870286,41.0329645],[28.9869374,41.0329311]]]},"properties":{"osm_id":"way/273736272","building":"yes","name":null,"height_m":9,"height_source":"estimate","levels":3,"addr":null}},{"type":"Feature","id":"way/273736273","geometry":{"type":"Polygon","coordinates":[[[28.9869615,41.0329018],[28.9869964,41.032836],[28.9871841,41.0328623],[28.987168,41.0329281],[28.9870661,41.0329119],[28.9869615,41.0329018]]]},"properties":{"osm_id":"way/273736273","building":"yes","name":null,"height_m":9,"height_source":"estimate","levels":3,"addr":{"housenumber":"39/B","street":"Akyol Sokağı"}}},{"type":"Feature","id":"way/273736274","geometry":{"type":"Polygon","coordinates":[[[28.987168,41.0329281],[28.9871466,41.0330232],[28.9870259,41.03301],[28.9870473,41.0329655],[28.9870661,41.0329119],[28.987168,41.0329281]]]},"properties":{"osm_id":"way/273736274","building":"yes","name":null,"height_m":9,"height_source":"estimate","levels":3,"addr":null}},{"type":"Feature","id":"way/273736275","geometry":{"type":"Polygon","coordinates":[[[28.9871466,41.0330232],[28.9871292,41.0330981],[28.9871122,41.0330959],[28.9869749,41.0330788],[28.986995,41.0330252],[28.9870259,41.03301],[28.9871466,41.0330232]]]},"properties":{"osm_id":"way/273736275","building":"yes","name":null,"height_m":9,"height_source":"estimate","levels":3,"addr":null}},{"type":"Feature","id":"way/273736276","geometry":{"type":"Polygon","coordinates":[[[28.9871122,41.0330959],[28.9870992,41.0331625],[28.9869266,41.0331456],[28.9869615,41.0330869],[28.9869749,41.0330788],[28.9871122,41.0330959]]]},"properties":{"osm_id":"way/273736276","building":"yes","name":null,"height_m":9,"height_source":"estimate","levels":3,"addr":null}},{"type":"Feature","id":"way/273736277","geometry":{"type":"Polygon","coordinates":[[[28.9869964,41.032836],[28.987046,41.0327672],[28.9871742,41.032783],[28.987211,41.0327875],[28.9871841,41.0328623],[28.9869964,41.032836]]]},"properties":{"osm_id":"way/273736277","building":"yes","name":null,"height_m":9,"height_source":"estimate","levels":3,"addr":null}},{"type":"Feature","id":"way/273736278","geometry":{"type":"Polygon","coordinates":[[[28.987046,41.0327672],[28.9870715,41.0327308],[28.9871895,41.032749],[28.9871742,41.032783],[28.987046,41.0327672]]]},"properties":{"osm_id":"way/273736278","building":"yes","name":null,"height_m":9,"height_source":"estimate","levels":3,"addr":null}},{"type":"Feature","id":"way/273736279","geometry":{"type":"Polygon","coordinates":[[[28.9870715,41.0327308],[28.9870903,41.0326904],[28.9872271,41.0327055],[28.9872203,41.03275],[28.9871895,41.032749],[28.9870715,41.0327308]]]},"properties":{"osm_id":"way/273736279","building":"yes","name":null,"height_m":9,"height_source":"estimate","levels":3,"addr":null}},{"type":"Feature","id":"way/273736280","geometry":{"type":"Polygon","coordinates":[[[28.9870903,41.0326904],[28.9871184,41.0326539],[28.9872445,41.0326742],[28.9872271,41.0327055],[28.9870903,41.0326904]]]},"properties":{"osm_id":"way/273736280","building":"yes","name":null,"height_m":9,"height_source":"estimate","levels":3,"addr":null}},{"type":"Feature","id":"way/273736281","geometry":{"type":"Polygon","coordinates":[[[28.9871184,41.0326539],[28.9871667,41.0325811],[28.9872552,41.0326044],[28.9872445,41.0326742],[28.9871184,41.0326539]]]},"properties":{"osm_id":"way/273736281","building":"yes","name":null,"height_m":9,"height_source":"estimate","levels":3,"addr":null}},{"type":"Feature","id":"way/273740028","geometry":{"type":"Polygon","coordinates":[[[28.9872958,41.0331381],[28.9872465,41.0332966],[28.9872864,41.0333093],[28.9873142,41.0333024],[28.9874027,41.0331871],[28.9873404,41.0331585],[28.9872958,41.0331381]]]},"properties":{"osm_id":"way/273740028","building":"apartments","name":null,"height_m":12,"height_source":"tag:levels","levels":4,"addr":null}},{"type":"Feature","id":"way/273740030","geometry":{"type":"Polygon","coordinates":[[[28.9872713,41.0331112],[28.9873625,41.0331213],[28.9873845,41.0330982],[28.9874604,41.0330181],[28.9873089,41.0330131],[28.9872713,41.0331112]]]},"properties":{"osm_id":"way/273740030","building":"yes","name":null,"height_m":9,"height_source":"estimate","levels":3,"addr":null}},{"type":"Feature","id":"way/273740032","geometry":{"type":"Polygon","coordinates":[[[28.9873404,41.0331585],[28.9873625,41.0331213],[28.9873845,41.0330982],[28.9874524,41.0331335],[28.9874027,41.0331871],[28.9873404,41.0331585]]]},"properties":{"osm_id":"way/273740032","building":"apartments","name":null,"height_m":9,"height_source":"estimate","levels":3,"addr":null}},{"type":"Feature","id":"way/273740033","geometry":{"type":"Polygon","coordinates":[[[28.9874027,41.0331871],[28.9874416,41.0331942],[28.9875311,41.0330993],[28.9875865,41.0330404],[28.9874778,41.0329807],[28.9874604,41.0330181],[28.9873845,41.0330982],[28.9874524,41.0331335],[28.9874027,41.0331871]]]},"properties":{"osm_id":"way/273740033","building":"yes","name":null,"height_m":9,"height_source":"estimate","levels":3,"addr":null}},{"type":"Feature","id":"way/273740035","geometry":{"type":"Polygon","coordinates":[[[28.9873357,41.0329089],[28.9874792,41.032924],[28.9874778,41.0329807],[28.9874604,41.0330181],[28.9873089,41.0330131],[28.9873357,41.0329089]]]},"properties":{"osm_id":"way/273740035","building":"yes","name":null,"height_m":9,"height_source":"estimate","levels":3,"addr":null}},{"type":"Feature","id":"way/273740037","geometry":{"type":"Polygon","coordinates":[[[28.9873357,41.0329089],[28.9873612,41.0328239],[28.98751,41.0328441],[28.9874792,41.032924],[28.9873357,41.0329089]]]},"properties":{"osm_id":"way/273740037","building":"yes","name":null,"height_m":9,"height_source":"estimate","levels":3,"addr":null}},{"type":"Feature","id":"way/273740039","geometry":{"type":"Polygon","coordinates":[[[28.9873612,41.0328239],[28.9873987,41.0326458],[28.9875422,41.0326519],[28.9875212,41.0327774],[28.98751,41.0328441],[28.9873612,41.0328239]]]},"properties":{"osm_id":"way/273740039","building":"yes","name":null,"height_m":9,"height_source":"estimate","levels":3,"addr":null}},{"type":"Feature","id":"way/273740040","geometry":{"type":"Polygon","coordinates":[[[28.9875422,41.0326519],[28.9876079,41.032656],[28.9875944,41.0327629],[28.9875918,41.0327834],[28.9875212,41.0327774],[28.9875422,41.0326519]]]},"properties":{"osm_id":"way/273740040","building":"yes","name":null,"height_m":9,"height_source":"estimate","levels":3,"addr":null}},{"type":"Feature","id":"way/273740042","geometry":{"type":"Polygon","coordinates":[[[28.9876079,41.032656],[28.9877769,41.0326681],[28.9877674,41.0327457],[28.9877648,41.0327662],[28.9877072,41.0327651],[28.9876709,41.0327644],[28.9875944,41.0327629],[28.9876079,41.032656]]]},"properties":{"osm_id":"way/273740042","building":"yes","name":null,"height_m":9,"height_source":"estimate","levels":3,"addr":null}},{"type":"Feature","id":"way/273740044","geometry":{"type":"Polygon","coordinates":[[[28.9877769,41.0326681],[28.9879164,41.0326833],[28.9879026,41.0327023],[28.9878708,41.032746],[28.9878614,41.032746],[28.9877674,41.0327457],[28.9877769,41.0326681]]]},"properties":{"osm_id":"way/273740044","building":"yes","name":null,"height_m":9,"height_source":"estimate","levels":3,"addr":null}},{"type":"Feature","id":"way/273740046","geometry":{"type":"Polygon","coordinates":[[[28.9878614,41.032746],[28.9878104,41.0328047],[28.9877072,41.0327651],[28.9877648,41.0327662],[28.9877674,41.0327457],[28.9878614,41.032746]]]},"properties":{"osm_id":"way/273740046","building":"yes","name":null,"height_m":9,"height_source":"estimate","levels":3,"addr":null}},{"type":"Feature","id":"way/273740048","geometry":{"type":"Polygon","coordinates":[[[28.9878104,41.0328047],[28.9877353,41.0328644],[28.9876374,41.0328077],[28.9876709,41.0327644],[28.9877072,41.0327651],[28.9878104,41.0328047]]]},"properties":{"osm_id":"way/273740048","building":"yes","name":null,"height_m":9,"height_source":"estimate","levels":3,"addr":null}},{"type":"Feature","id":"way/273740049","geometry":{"type":"Polygon","coordinates":[[[28.9877353,41.0328644],[28.9876951,41.0329079],[28.9875784,41.0328512],[28.987616,41.0327996],[28.9876374,41.0328077],[28.9877353,41.0328644]]]},"properties":{"osm_id":"way/273740049","building":"yes","name":null,"height_m":9,"height_source":"estimate","levels":3,"addr":null}},{"type":"Feature","id":"way/273740051","geometry":{"type":"Polygon","coordinates":[[[28.9876951,41.0329079],[28.9876482,41.0329504],[28.9875547,41.0328923],[28.9875422,41.0328846],[28.9875784,41.0328512],[28.9876951,41.0329079]]]},"properties":{"osm_id":"way/273740051","building":"yes","name":null,"height_m":9,"height_source":"estimate","levels":3,"addr":null}},{"type":"Feature","id":"way/273740053","geometry":{"type":"Polygon","coordinates":[[[28.9876482,41.0329504],[28.9876026,41.0330009],[28.9875133,41.0329407],[28.9875006,41.0329321],[28.9875547,41.0328923],[28.9876482,41.0329504]]]},"properties":{"osm_id":"way/273740053","building":"yes","name":null,"height_m":9,"height_source":"estimate","levels":3,"addr":null}},{"type":"Feature","id":"way/273740055","geometry":{"type":"Polygon","coordinates":[[[28.9876026,41.0330009],[28.9875865,41.0330404],[28.9874778,41.0329807],[28.9875133,41.0329407],[28.9876026,41.0330009]]]},"properties":{"osm_id":"way/273740055","building":"yes","name":null,"height_m":9,"height_source":"estimate","levels":3,"addr":null}},{"type":"Feature","id":"way/273740057","geometry":{"type":"Polygon","coordinates":[[[28.987406,41.032571],[28.9874278,41.0324105],[28.9875581,41.0324205],[28.9875364,41.0325811],[28.987406,41.032571]]]},"properties":{"osm_id":"way/273740057","building":"yes","name":null,"height_m":9,"height_source":"estimate","levels":3,"addr":null}},{"type":"Feature","id":"way/273740058","geometry":{"type":"Polygon","coordinates":[[[28.9875364,41.0325811],[28.9876866,41.0325926],[28.9877014,41.0324835],[28.9876608,41.0324804],[28.9876677,41.032429],[28.9875581,41.0324205],[28.9875364,41.0325811]]]},"properties":{"osm_id":"way/273740058","building":"yes","name":null,"height_m":9,"height_source":"estimate","levels":3,"addr":null}},{"type":"Feature","id":"way/273740060","geometry":{"type":"Polygon","coordinates":[[[28.9876866,41.0325926],[28.9877829,41.0326],[28.9877977,41.0324909],[28.9877014,41.0324835],[28.9876866,41.0325926]]]},"properties":{"osm_id":"way/273740060","building":"yes","name":null,"height_m":9,"height_source":"estimate","levels":3,"addr":null}},{"type":"Feature","id":"way/273740062","geometry":{"type":"Polygon","coordinates":[[[28.9877829,41.0326],[28.9879821,41.0326408],[28.9880237,41.0325932],[28.9877977,41.0324909],[28.9877829,41.0326]]]},"properties":{"osm_id":"way/273740062","building":"yes","name":null,"height_m":9,"height_source":"estimate","levels":3,"addr":null}},{"type":"Feature","id":"way/273740064","geometry":{"type":"Polygon","coordinates":[[[28.9874278,41.0324105],[28.9874497,41.0322948],[28.9877015,41.0323218],[28.9877139,41.0323231],[28.9876677,41.032429],[28.9875581,41.0324205],[28.9874278,41.0324105]]]},"properties":{"osm_id":"way/273740064","building":"yes","name":null,"height_m":9,"height_source":"estimate","levels":3,"addr":null}},{"type":"Feature","id":"way/273740065","geometry":{"type":"Polygon","coordinates":[[[28.9874497,41.0322948],[28.9874617,41.0321957],[28.9874754,41.0321992],[28.9877327,41.0322655],[28.9877015,41.0323218],[28.9874497,41.0322948]]]},"properties":{"osm_id":"way/273740065","building":"yes","name":null,"height_m":9,"height_source":"estimate","levels":3,"addr":null}},{"type":"Feature","id":"way/273740067","geometry":{"type":"Polygon","coordinates":[[[28.9874754,41.0321992],[28.987506,41.0320985],[28.9877809,41.0321815],[28.9877327,41.0322655],[28.9874754,41.0321992]]]},"properties":{"osm_id":"way/273740067","building":"yes","name":null,"height_m":9,"height_source":"estimate","levels":3,"addr":null}},{"type":"Feature","id":"way/273740069","geometry":{"type":"Polygon","coordinates":[[[28.987506,41.0320985],[28.9875489,41.0320075],[28.9875892,41.0319397],[28.987911,41.0320257],[28.9878064,41.0321845],[28.9877809,41.0321815],[28.987506,41.0320985]]]},"properties":{"osm_id":"way/273740069","building":"yes","name":null,"height_m":9,"height_source":"estimate","levels":3,"addr":null}},{"type":"Feature","id":"way/273740071","geometry":{"type":"Polygon","coordinates":[[[28.9880492,41.0320884],[28.9879875,41.0321633],[28.9879738,41.0321577],[28.9879023,41.0321282],[28.9878869,41.0321218],[28.9879459,41.0320459],[28.9880492,41.0320884]]]},"properties":{"osm_id":"way/273740071","building":"yes","name":null,"height_m":9,"height_source":"estimate","levels":3,"addr":null}},{"type":"Feature","id":"way/273740076","geometry":{"type":"Polygon","coordinates":[[[28.9881631,41.0322139],[28.9880924,41.0322889],[28.9879835,41.0322305],[28.9880543,41.0321554],[28.9881631,41.0322139]]]},"properties":{"osm_id":"way/273740076","building":"yes","name":null,"height_m":9,"height_source":"estimate","levels":3,"addr":null}},{"type":"Feature","id":"way/273740077","geometry":{"type":"Polygon","coordinates":[[[28.9880924,41.0322889],[28.9880529,41.0323307],[28.987944,41.0322723],[28.9879835,41.0322305],[28.9880924,41.0322889]]]},"properties":{"osm_id":"way/273740077","building":"yes","name":null,"height_m":9,"height_source":"estimate","levels":3,"addr":null}},{"type":"Feature","id":"way/273740078","geometry":{"type":"Polygon","coordinates":[[[28.9880529,41.0323307],[28.9880102,41.0323761],[28.9879013,41.0323176],[28.987944,41.0322723],[28.9880529,41.0323307]]]},"properties":{"osm_id":"way/273740078","building":"yes","name":null,"height_m":9,"height_source":"estimate","levels":3,"addr":null}},{"type":"Feature","id":"way/273740080","geometry":{"type":"Polygon","coordinates":[[[28.9878963,41.0324981],[28.9879915,41.032397],[28.9879204,41.0323666],[28.9878373,41.0324678],[28.9878963,41.0324981]]]},"properties":{"osm_id":"way/273740080","building":"yes","name":null,"height_m":9,"height_source":"estimate","levels":3,"addr":null}},{"type":"Feature","id":"way/273740081","geometry":{"type":"Polygon","coordinates":[[[28.9877139,41.032395],[28.9877782,41.0323059],[28.987789,41.0323109],[28.9878374,41.0323334],[28.987907,41.0323656],[28.9878279,41.0324425],[28.9877139,41.032395]]]},"properties":{"osm_id":"way/273740081","building":"yes","name":null,"height_m":9,"height_source":"estimate","levels":3,"addr":null}},{"type":"Feature","id":"way/273740083","geometry":{"type":"Polygon","coordinates":[[[28.9878037,41.0322665],[28.9878654,41.0321977],[28.9879311,41.032227],[28.9878708,41.0322948],[28.98782,41.0322733],[28.9878037,41.0322665]]]},"properties":{"osm_id":"way/273740083","building":"yes","name":null,"height_m":9,"height_source":"estimate","levels":3,"addr":null}},{"type":"Feature","id":"way/273740085","geometry":{"type":"Polygon","coordinates":[[[28.9878654,41.0321977],[28.9879023,41.0321282],[28.9879738,41.0321577],[28.9879311,41.032227],[28.9878654,41.0321977]]]},"properties":{"osm_id":"way/273740085","building":"yes","name":null,"height_m":9,"height_source":"estimate","levels":3,"addr":null}},{"type":"Feature","id":"way/273740087","geometry":{"type":"Polygon","coordinates":[[[28.98782,41.0322733],[28.987789,41.0323109],[28.9878374,41.0323334],[28.9878708,41.0322948],[28.98782,41.0322733]]]},"properties":{"osm_id":"way/273740087","building":"yes","name":null,"height_m":9,"height_source":"estimate","levels":3,"addr":null}},{"type":"Feature","id":"way/273740089","geometry":{"type":"Polygon","coordinates":[[[28.9876321,41.0319144],[28.9876589,41.0318406],[28.9878064,41.0318628],[28.9877769,41.0319428],[28.9876321,41.0319144]]]},"properties":{"osm_id":"way/273740089","building":"yes","name":null,"height_m":9,"height_source":"estimate","levels":3,"addr":null}},{"type":"Feature","id":"way/273740090","geometry":{"type":"Polygon","coordinates":[[[28.9876589,41.0318406],[28.9877072,41.0316898],[28.9878534,41.0317161],[28.9878064,41.0318628],[28.9876589,41.0318406]]]},"properties":{"osm_id":"way/273740090","building":"yes","name":null,"height_m":9,"height_source":"estimate","levels":3,"addr":null}},{"type":"Feature","id":"way/273740092","geometry":{"type":"Polygon","coordinates":[[[28.9877072,41.0316898],[28.9877447,41.0315937],[28.9878909,41.0316038],[28.9878534,41.0317161],[28.9877072,41.0316898]]]},"properties":{"osm_id":"way/273740092","building":"yes","name":null,"height_m":9,"height_source":"estimate","levels":3,"addr":null}},{"type":"Feature","id":"way/273740094","geometry":{"type":"Polygon","coordinates":[[[28.9877246,41.0315674],[28.9877219,41.0315138],[28.9878265,41.0315047],[28.9878158,41.0315674],[28.9877246,41.0315674]]]},"properties":{"osm_id":"way/273740094","building":"yes","name":null,"height_m":9,"height_source":"estimate","levels":3,"addr":null}},{"type":"Feature","id":"way/273740095","geometry":{"type":"Polygon","coordinates":[[[28.9878104,41.0319498],[28.988025,41.0320287],[28.9880907,41.0319347],[28.9880317,41.0319114],[28.9880974,41.0318092],[28.9879311,41.0317799],[28.9878922,41.031877],[28.9878453,41.0318699],[28.9878104,41.0319498]]]},"properties":{"osm_id":"way/273740095","building":"hotel","name":null,"height_m":9,"height_source":"estimate","levels":3,"addr":null}},{"type":"Feature","id":"way/273740105","geometry":{"type":"Polygon","coordinates":[[[28.9879834,41.0315917],[28.98808,41.0315866],[28.98808,41.0315603],[28.988131,41.0315492],[28.9881255,41.0315348],[28.9881149,41.0315067],[28.988045,41.0315212],[28.988017,41.031527],[28.9879808,41.0315603],[28.9879834,41.0315917]]]},"properties":{"osm_id":"way/273740105","building":"yes","name":null,"height_m":9,"height_source":"estimate","levels":3,"addr":null}},{"type":"Feature","id":"way/273740109","geometry":{"type":"Polygon","coordinates":[[[28.9880814,41.0313957],[28.9882457,41.0313719],[28.9882196,41.0312697],[28.9883609,41.0312492],[28.9883468,41.031194],[28.9880412,41.0312384],[28.9880814,41.0313957]]]},"properties":{"osm_id":"way/273740109","building":"yes","name":null,"height_m":9,"height_source":"estimate","levels":3,"addr":null}},{"type":"Feature","id":"way/273740110","geometry":{"type":"Polygon","coordinates":[[[28.9878708,41.0315593],[28.9878775,41.0314663],[28.9880009,41.0314602],[28.9879875,41.0315148],[28.9879258,41.0315593],[28.9878708,41.0315593]]]},"properties":{"osm_id":"way/273740110","building":"yes","name":"Karaca Apt.","height_m":9,"height_source":"estimate","levels":3,"addr":{"city":"İstanbul","district":"Beyoğlu","housenumber":"12","postcode":"34427","street":"Vişne Sokak"}}},{"type":"Feature","id":"way/273740112","geometry":{"type":"Polygon","coordinates":[[[28.9878775,41.0314663],[28.9878735,41.0313408],[28.9879955,41.0313347],[28.9880009,41.0314602],[28.9878775,41.0314663]]]},"properties":{"osm_id":"way/273740112","building":"yes","name":null,"height_m":9,"height_source":"estimate","levels":3,"addr":null}},{"type":"Feature","id":"way/273740114","geometry":{"type":"Polygon","coordinates":[[[28.9878694,41.0312912],[28.9878627,41.0312184],[28.9879955,41.0312073],[28.9880049,41.0312781],[28.9878694,41.0312912]]]},"properties":{"osm_id":"way/273740114","building":"yes","name":null,"height_m":9,"height_source":"estimate","levels":3,"addr":null}},{"type":"Feature","id":"way/273740118","geometry":{"type":"Polygon","coordinates":[[[28.9878627,41.0312184],[28.9878332,41.0311526],[28.9879767,41.0311274],[28.9879955,41.0312073],[28.9878627,41.0312184]]]},"properties":{"osm_id":"way/273740118","building":"yes","name":null,"height_m":9,"height_source":"estimate","levels":3,"addr":null}},{"type":"Feature","id":"way/273740120","geometry":{"type":"Polygon","coordinates":[[[28.9878238,41.0311395],[28.98797,41.0311122],[28.9879526,41.0310646],[28.9879137,41.0310737],[28.9878989,41.0310434],[28.9877984,41.0310646],[28.9878238,41.0311395]]]},"properties":{"osm_id":"way/273740120","building":"yes","name":null,"height_m":9,"height_source":"estimate","levels":3,"addr":null}},{"type":"Feature","id":"way/273741656","geometry":{"type":"Polygon","coordinates":[[[28.9880419,41.031199],[28.9881769,41.0311742],[28.988172,41.0311589],[28.9882224,41.0311497],[28.9881891,41.0310505],[28.9880033,41.0310875],[28.9880419,41.031199]]]},"properties":{"osm_id":"way/273741656","building":"yes","name":null,"height_m":9,"height_source":"estimate","levels":3,"addr":null}},{"type":"Feature","id":"way/273741657","geometry":{"type":"Polygon","coordinates":[[[28.9880033,41.0310875],[28.987981,41.0310237],[28.9881667,41.0309866],[28.9881891,41.0310505],[28.9880033,41.0310875]]]},"properties":{"osm_id":"way/273741657","building":"apartments","name":null,"height_m":9,"height_source":"estimate","levels":3,"addr":null}},{"type":"Feature","id":"way/273741658","geometry":{"type":"Polygon","coordinates":[[[28.9877715,41.0310201],[28.9879647,41.0309817],[28.9879432,41.0309341],[28.9877541,41.0309614],[28.9877715,41.0310201]]]},"properties":{"osm_id":"way/273741658","building":"yes","name":null,"height_m":9,"height_source":"estimate","levels":3,"addr":null}},{"type":"Feature","id":"way/273741659","geometry":{"type":"Polygon","coordinates":[[[28.9877541,41.0309614],[28.9877367,41.0308886],[28.987911,41.0308633],[28.987937,41.0309205],[28.9879432,41.0309341],[28.9877541,41.0309614]]]},"properties":{"osm_id":"way/273741659","building":"yes","name":null,"height_m":9,"height_source":"estimate","levels":3,"addr":null}},{"type":"Feature","id":"way/273741660","geometry":{"type":"Polygon","coordinates":[[[28.9877367,41.0308886],[28.987734,41.0308198],[28.9878829,41.0307955],[28.987911,41.0308633],[28.9877367,41.0308886]]]},"properties":{"osm_id":"way/273741660","building":"yes","name":null,"height_m":9,"height_source":"estimate","levels":3,"addr":null}},{"type":"Feature","id":"way/273741661","geometry":{"type":"Polygon","coordinates":[[[28.9879647,41.0309817],[28.9881229,41.0309311],[28.9880988,41.0308754],[28.987937,41.0309205],[28.9879432,41.0309341],[28.9879647,41.0309817]]]},"properties":{"osm_id":"way/273741661","building":"apartments","name":null,"height_m":9,"height_source":"estimate","levels":3,"addr":null}},{"type":"Feature","id":"way/273741662","geometry":{"type":"Polygon","coordinates":[[[28.987911,41.0308633],[28.9880639,41.0308218],[28.9880988,41.0308754],[28.987937,41.0309205],[28.987911,41.0308633]]]},"properties":{"osm_id":"way/273741662","building":"yes","name":null,"height_m":9,"height_source":"estimate","levels":3,"addr":null}},{"type":"Feature","id":"way/273741663","geometry":{"type":"Polygon","coordinates":[[[28.9880639,41.0308218],[28.988059,41.0308085],[28.9880411,41.0307601],[28.9878829,41.0307955],[28.987911,41.0308633],[28.9880639,41.0308218]]]},"properties":{"osm_id":"way/273741663","building":"yes","name":null,"height_m":9,"height_source":"estimate","levels":3,"addr":null}},{"type":"Feature","id":"way/273741664","geometry":{"type":"Polygon","coordinates":[[[28.987734,41.0308198],[28.9877327,41.0307004],[28.9878758,41.0306787],[28.9879892,41.0306615],[28.9880062,41.030659],[28.9880411,41.0307601],[28.9878829,41.0307955],[28.987734,41.0308198]]]},"properties":{"osm_id":"way/273741664","building":"yes","name":null,"height_m":9,"height_source":"estimate","levels":3,"addr":null}},{"type":"Feature","id":"way/273741665","geometry":{"type":"Polygon","coordinates":[[[28.9877327,41.0307004],[28.9877166,41.0305922],[28.9878507,41.0305821],[28.9878624,41.0306274],[28.9878758,41.0306787],[28.9877327,41.0307004]]]},"properties":{"osm_id":"way/273741665","building":"yes","name":null,"height_m":9,"height_source":"estimate","levels":3,"addr":null}},{"type":"Feature","id":"way/273741667","geometry":{"type":"Polygon","coordinates":[[[28.9878624,41.0306274],[28.9878758,41.0306787],[28.9879892,41.0306615],[28.9879593,41.0305274],[28.987856,41.0305386],[28.9878507,41.0305821],[28.9878624,41.0306274]]]},"properties":{"osm_id":"way/273741667","building":"yes","name":null,"height_m":9,"height_source":"estimate","levels":3,"addr":null}},{"type":"Feature","id":"way/273741669","geometry":{"type":"Polygon","coordinates":[[[28.9880626,41.0306772],[28.9880264,41.0305578],[28.9882248,41.0305102],[28.9882342,41.0305416],[28.9882999,41.0305264],[28.9882758,41.0304647],[28.9883227,41.0304495],[28.9882678,41.0303747],[28.988422,41.0303443],[28.9884582,41.0304677],[28.9884971,41.0304485],[28.9885749,41.0305871],[28.9885078,41.0306822],[28.9883817,41.0307116],[28.9883438,41.0306446],[28.9883268,41.0306144],[28.9880626,41.0306772]]]},"properties":{"osm_id":"way/273741669","building":"yes","name":null,"height_m":9,"height_source":"estimate","levels":3,"addr":null}},{"type":"Feature","id":"way/273743745","geometry":{"type":"Polygon","coordinates":[[[28.9879265,41.0342061],[28.9883308,41.0341074],[28.9884898,41.0341037],[28.9886075,41.0341174],[28.9886721,41.0341611],[28.9887284,41.0342261],[28.9887682,41.0343161],[28.9887947,41.0347685],[28.9887251,41.0347785],[28.9879646,41.0342636],[28.9879265,41.0342061]]]},"properties":{"osm_id":"way/273743745","building":"apartments","name":null,"height_m":9,"height_source":"estimate","levels":3,"addr":null}},{"type":"Feature","id":"way/273743747","geometry":{"type":"Polygon","coordinates":[[[28.9879466,41.0340808],[28.9880324,41.0339433],[28.9881343,41.0339574],[28.9881343,41.0340485],[28.9879466,41.0340808]]]},"properties":{"osm_id":"way/273743747","building":"yes","name":null,"height_m":9,"height_source":"estimate","levels":3,"addr":null}},{"type":"Feature","id":"way/273743777","geometry":{"type":"Polygon","coordinates":[[[28.9880753,41.033836],[28.9880324,41.0339433],[28.9881343,41.0339574],[28.9881987,41.0338785],[28.9880753,41.033836]]]},"properties":{"osm_id":"way/273743777","building":"yes","name":null,"height_m":9,"height_source":"estimate","levels":3,"addr":null}},{"type":"Feature","id":"way/273743779","geometry":{"type":"Polygon","coordinates":[[[28.9877722,41.033049],[28.9878634,41.032966],[28.9880485,41.0330409],[28.9880296,41.0330549],[28.9879063,41.0331461],[28.9877722,41.033049]]]},"properties":{"osm_id":"way/273743779","building":"yes","name":null,"height_m":9,"height_source":"estimate","levels":3,"addr":null}},{"type":"Feature","id":"way/273743781","geometry":{"type":"Polygon","coordinates":[[[28.9879063,41.0331461],[28.9880673,41.0332857],[28.9881906,41.0332068],[28.9880296,41.0330549],[28.9879063,41.0331461]]]},"properties":{"osm_id":"way/273743781","building":"yes","name":null,"height_m":9,"height_source":"estimate","levels":3,"addr":null}},{"type":"Feature","id":"way/273743795","geometry":{"type":"Polygon","coordinates":[[[28.9882507,41.0329394],[28.9880431,41.0327718],[28.98796,41.032873],[28.9881228,41.0329548],[28.9881821,41.0329845],[28.9882507,41.0329394]]]},"properties":{"osm_id":"way/273743795","building":"yes","name":null,"height_m":9,"height_source":"estimate","levels":3,"addr":null}},{"type":"Feature","id":"way/273743797","geometry":{"type":"Polygon","coordinates":[[[28.9881228,41.0329548],[28.9880699,41.0330065],[28.9878902,41.0329175],[28.98796,41.032873],[28.9881228,41.0329548]]]},"properties":{"osm_id":"way/273743797","building":"yes","name":null,"height_m":9,"height_source":"estimate","levels":3,"addr":null}},{"type":"Feature","id":"way/273743798","geometry":{"type":"Polygon","coordinates":[[[28.9880699,41.0330065],[28.9880485,41.0330409],[28.9878634,41.032966],[28.9878902,41.0329175],[28.9880699,41.0330065]]]},"properties":{"osm_id":"way/273743798","building":"yes","name":null,"height_m":9,"height_source":"estimate","levels":3,"addr":null}},{"type":"Feature","id":"way/273749821","geometry":{"type":"Polygon","coordinates":[[[28.9882045,41.0324117],[28.988141,41.032475],[28.9880382,41.0324163],[28.9881017,41.032353],[28.9882045,41.0324117]]]},"properties":{"osm_id":"way/273749821","building":"yes","name":null,"height_m":9,"height_source":"estimate","levels":3,"addr":null}},{"type":"Feature","id":"way/273749822","geometry":{"type":"Polygon","coordinates":[[[28.988141,41.032475],[28.9880543,41.0325614],[28.9879515,41.0325027],[28.9880382,41.0324163],[28.988141,41.032475]]]},"properties":{"osm_id":"way/273749822","building":"yes","name":null,"height_m":9,"height_source":"estimate","levels":3,"addr":null}},{"type":"Feature","id":"way/502140295","geometry":{"type":"Polygon","coordinates":[[[28.9866012,41.035471],[28.9866459,41.035425],[28.986715,41.0354649],[28.9866622,41.0355032],[28.9866012,41.035471]]]},"properties":{"osm_id":"way/502140295","building":"yes","name":null,"height_m":9,"height_source":"estimate","levels":3,"addr":null}},{"type":"Feature","id":"way/502140296","geometry":{"type":"Polygon","coordinates":[[[28.9866459,41.035425],[28.9867649,41.0352284],[28.9869047,41.0352763],[28.9869264,41.0352947],[28.986715,41.0354649],[28.9866459,41.035425]]]},"properties":{"osm_id":"way/502140296","building":"yes","name":null,"height_m":9,"height_source":"estimate","levels":3,"addr":null}},{"type":"Feature","id":"way/502140297","geometry":{"type":"Polygon","coordinates":[[[28.9867649,41.0352284],[28.986919,41.0349723],[28.9870588,41.0350201],[28.9869452,41.0352088],[28.9869047,41.0352763],[28.9867649,41.0352284]]]},"properties":{"osm_id":"way/502140297","building":"yes","name":null,"height_m":9,"height_source":"estimate","levels":3,"addr":null}},{"type":"Feature","id":"way/502140298","geometry":{"type":"Polygon","coordinates":[[[28.986919,41.0349723],[28.9869842,41.0348639],[28.987124,41.0349118],[28.9870588,41.0350201],[28.986919,41.0349723]]]},"properties":{"osm_id":"way/502140298","building":"yes","name":null,"height_m":9,"height_source":"estimate","levels":3,"addr":null}},{"type":"Feature","id":"way/502140299","geometry":{"type":"Polygon","coordinates":[[[28.9870588,41.0350201],[28.987148,41.0350507],[28.9872213,41.0350758],[28.9872865,41.0349674],[28.987124,41.0349118],[28.9870588,41.0350201]]]},"properties":{"osm_id":"way/502140299","building":"yes","name":null,"height_m":9,"height_source":"estimate","levels":3,"addr":null}},{"type":"Feature","id":"way/502140301","geometry":{"type":"Polygon","coordinates":[[[28.9869529,41.0352763],[28.9871439,41.0352165],[28.9871582,41.0351827],[28.9870769,41.0351383],[28.987022,41.0351306],[28.9869452,41.0352088],[28.9869529,41.0352763]]]},"properties":{"osm_id":"way/502140301","building":"yes","name":null,"height_m":9,"height_source":"estimate","levels":3,"addr":null}},{"type":"Feature","id":"way/502140303","geometry":{"type":"Polygon","coordinates":[[[28.9871582,41.0351827],[28.9872213,41.0350758],[28.987148,41.0350507],[28.9870769,41.0351383],[28.9871582,41.0351827]]]},"properties":{"osm_id":"way/502140303","building":"yes","name":null,"height_m":9,"height_source":"estimate","levels":3,"addr":null}},{"type":"Feature","id":"way/502140305","geometry":{"type":"Polygon","coordinates":[[[28.9872062,41.0352519],[28.9874382,41.035177],[28.9873175,41.0351174],[28.9872062,41.0352519]]]},"properties":{"osm_id":"way/502140305","building":"yes","name":null,"height_m":9,"height_source":"estimate","levels":3,"addr":null}},{"type":"Feature","id":"way/502140307","geometry":{"type":"Polygon","coordinates":[[[28.9877158,41.0349535],[28.9875871,41.0350587],[28.9874865,41.0350051],[28.9876099,41.0348665],[28.9877158,41.0349535]]]},"properties":{"osm_id":"way/502140307","building":"yes","name":null,"height_m":9,"height_source":"estimate","levels":3,"addr":null}},{"type":"Feature","id":"way/502140309","geometry":{"type":"Polygon","coordinates":[[[28.9874946,41.0348017],[28.9873953,41.0349899],[28.9874865,41.0350051],[28.9876099,41.0348665],[28.9874946,41.0348017]]]},"properties":{"osm_id":"way/502140309","building":"yes","name":null,"height_m":9,"height_source":"estimate","levels":3,"addr":null}},{"type":"Feature","id":"way/569560519","geometry":{"type":"Polygon","coordinates":[[[28.9828728,41.0343537],[28.982867,41.0343588],[28.9827872,41.034429],[28.9828393,41.034461],[28.9829244,41.0343863],[28.9828728,41.0343537]]]},"properties":{"osm_id":"way/569560519","building":"yes","name":null,"height_m":9,"height_source":"estimate","levels":3,"addr":null}},{"type":"Feature","id":"way/571702810","geometry":{"type":"Polygon","coordinates":[[[28.985093,41.0334706],[28.9852563,41.0334787],[28.9852689,41.0333332],[28.9851056,41.0333251],[28.985093,41.0334706]]]},"properties":{"osm_id":"way/571702810","building":"yes","name":null,"height_m":9,"height_source":"estimate","levels":3,"addr":null}},{"type":"Feature","id":"way/572334363","geometry":{"type":"Polygon","coordinates":[[[28.9829092,41.0335025],[28.9832222,41.0333442],[28.9831245,41.0332343],[28.9831714,41.0332106],[28.9830514,41.0330756],[28.9829971,41.033103],[28.9829353,41.0330336],[28.9828782,41.0330625],[28.9828394,41.0330189],[28.982591,41.0331446],[28.9829092,41.0335025]]]},"properties":{"osm_id":"way/572334363","building":"yes","name":null,"height_m":9,"height_source":"estimate","levels":3,"addr":null}},{"type":"Feature","id":"way/679046239","geometry":{"type":"Polygon","coordinates":[[[28.9850744,41.034913],[28.9847267,41.0349329],[28.9847251,41.0348537],[28.9850696,41.0348352],[28.9850744,41.034913]]]},"properties":{"osm_id":"way/679046239","building":"yes","name":null,"height_m":9,"height_source":"estimate","levels":3,"addr":null}},{"type":"Feature","id":"way/711294015","geometry":{"type":"Polygon","coordinates":[[[28.9833712,41.033254],[28.9836842,41.0330957],[28.9835865,41.0329858],[28.9833718,41.0327264],[28.983053,41.0328961],[28.9833712,41.033254]]]},"properties":{"osm_id":"way/711294015","building":"yes","name":null,"height_m":9,"height_source":"estimate","levels":3,"addr":null}},{"type":"Feature","id":"way/785194971","geometry":{"type":"Polygon","coordinates":[[[28.9842071,41.0330901],[28.984273,41.0330861],[28.9842595,41.0329836],[28.9841977,41.0329877],[28.9842071,41.0330901]]]},"properties":{"osm_id":"way/785194971","building":"yes","name":null,"height_m":9,"height_source":"estimate","levels":3,"addr":null}},{"type":"Feature","id":"way/804917934","geometry":{"type":"Polygon","coordinates":[[[28.9856961,41.0329938],[28.9857611,41.0329117],[28.9859284,41.0329746],[28.9858711,41.0330618],[28.9856961,41.0329938]]]},"properties":{"osm_id":"way/804917934","building":"apartments","name":"Ethem Kafoğlu Ap.","height_m":15,"height_source":"tag:levels","levels":5,"addr":{"city":"İstanbul","district":"Beyoğlu","housenumber":"52","neighbourhood":"Pürtelaş Mah.","street":"Cihangir Caddesi"}}},{"type":"Feature","id":"way/1052112802","geometry":{"type":"Polygon","coordinates":[[[28.9846038,41.0357366],[28.9846995,41.035727],[28.9846319,41.0353442],[28.9845361,41.0353539],[28.9846038,41.0357366]]]},"properties":{"osm_id":"way/1052112802","building":"retail","name":null,"height_m":9,"height_source":"estimate","levels":3,"addr":null}},{"type":"Feature","id":"way/1052624728","geometry":{"type":"Polygon","coordinates":[[[28.9835223,41.0350657],[28.983453,41.0350233],[28.9835569,41.0349357],[28.9836202,41.0349784],[28.9835641,41.0350315],[28.9835223,41.0350657]]]},"properties":{"osm_id":"way/1052624728","building":"yes","name":null,"height_m":9,"height_source":"estimate","levels":3,"addr":null}},{"type":"Feature","id":"way/1090972286","geometry":{"type":"Polygon","coordinates":[[[28.9844249,41.0347251],[28.9845008,41.0346547],[28.9845759,41.0346514],[28.9845599,41.0344777],[28.9845578,41.0344544],[28.9843248,41.034475],[28.9842862,41.0344797],[28.9842958,41.0345816],[28.9842687,41.0345645],[28.984226,41.0346001],[28.9844249,41.0347251]]]},"properties":{"osm_id":"way/1090972286","building":"yes","name":null,"height_m":9,"height_source":"estimate","levels":3,"addr":{"housenumber":"12","street":"Sıraselviler Caddesi"}}},{"type":"Feature","id":"way/1090972287","geometry":{"type":"Polygon","coordinates":[[[28.9844249,41.0347251],[28.984493,41.0347666],[28.984575,41.034706],[28.9845759,41.0346514],[28.9845008,41.0346547],[28.9844249,41.0347251]]]},"properties":{"osm_id":"way/1090972287","building":"hotel","name":null,"height_m":9,"height_source":"estimate","levels":3,"addr":{"housenumber":"10","street":"Sıraselviler Caddesi"}}},{"type":"Feature","id":"way/1090972288","geometry":{"type":"Polygon","coordinates":[[[28.9842595,41.0342899],[28.9842652,41.0342845],[28.9843131,41.0342416],[28.9842549,41.0341922],[28.9841854,41.0342411],[28.9842595,41.0342899]]]},"properties":{"osm_id":"way/1090972288","building":"yes","name":null,"height_m":9,"height_source":"estimate","levels":3,"addr":null}},{"type":"Feature","id":"way/1090972289","geometry":{"type":"Polygon","coordinates":[[[28.984305,41.0343349],[28.984268,41.0342857],[28.9843151,41.0342443],[28.9845061,41.0341895],[28.9845246,41.0342538],[28.984305,41.0343349]]]},"properties":{"osm_id":"way/1090972289","building":"yes","name":"Sim Apartmanı","height_m":9,"height_source":"estimate","levels":3,"addr":{"city":"İstanbul","district":"Beyoğlu","housenumber":"18","neighbourhood":"Katip Mustafa Çelebi Mahallesi","street":"Sıraselviler Caddesi"}}},{"type":"Feature","id":"way/1090972291","geometry":{"type":"Polygon","coordinates":[[[28.9843664,41.0342262],[28.9845098,41.034185],[28.9845079,41.0341724],[28.9845015,41.0341305],[28.9843453,41.0341987],[28.9843664,41.0342262]]]},"properties":{"osm_id":"way/1090972291","building":"yes","name":null,"height_m":9,"height_source":"estimate","levels":3,"addr":{"housenumber":"20","street":"Sıraselviler Caddesi"}}},{"type":"Feature","id":"way/1091725303","geometry":{"type":"Polygon","coordinates":[[[28.9833374,41.0357553],[28.9833971,41.0356908],[28.9831965,41.035585],[28.9831367,41.0356495],[28.9831907,41.0356779],[28.9833374,41.0357553]]]},"properties":{"osm_id":"way/1091725303","building":"yes","name":null,"height_m":9,"height_source":"estimate","levels":3,"addr":null}},{"type":"Feature","id":"way/1118157538","geometry":{"type":"Polygon","coordinates":[[[28.9856693,41.0355816],[28.9854149,41.0356279],[28.9854473,41.0357292],[28.9857017,41.0356829],[28.9856693,41.0355816]]]},"properties":{"osm_id":"way/1118157538","building":"yes","name":null,"height_m":9,"height_source":"estimate","levels":3,"addr":null}}]}
